2005cat_xml1.xml,1
2005cat_xml10.xml,1
2005cat_xml100.xml,1
2005cat_xml101.xml,1
2005cat_xml102.xml,1
2005cat_xml103.xml,1
2005cat_xml104.xml,1
2005cat_xml105.xml,1
2005cat_xml106.xml,1
2005cat_xml107.xml,1
2005cat_xml108.xml,1
2005cat_xml109.xml,1
2005cat_xml11.xml,1
2005cat_xml110.xml,1
2005cat_xml111.xml,1
2005cat_xml112.xml,1
2005cat_xml113.xml,1
2005cat_xml114.xml,1
2005cat_xml115.xml,1
2005cat_xml116.xml,1
2005cat_xml117.xml,1
2005cat_xml118.xml,1
2005cat_xml119.xml,1
2005cat_xml12.xml,1
2005cat_xml120.xml,1
2005cat_xml121.xml,1
2005cat_xml122.xml,1
2005cat_xml123.xml,1
2005cat_xml124.xml,1
2005cat_xml125.xml,1
2005cat_xml126.xml,1
2005cat_xml127.xml,1
2005cat_xml128.xml,1
2005cat_xml129.xml,1
2005cat_xml13.xml,1
2005cat_xml130.xml,1
2005cat_xml131.xml,1
2005cat_xml132.xml,1
2005cat_xml133.xml,1
2005cat_xml134.xml,1
2005cat_xml135.xml,1
2005cat_xml136.xml,1
2005cat_xml137.xml,1
2005cat_xml138.xml,1
2005cat_xml139.xml,1
2005cat_xml14.xml,1
2005cat_xml140.xml,1
2005cat_xml141.xml,1
2005cat_xml142.xml,1
2005cat_xml143.xml,1
2005cat_xml144.xml,1
2005cat_xml145.xml,1
2005cat_xml146.xml,1
2005cat_xml147.xml,1
2005cat_xml148.xml,1
2005cat_xml149.xml,1
2005cat_xml15.xml,1
2005cat_xml150.xml,1
2005cat_xml151.xml,1
2005cat_xml152.xml,1
2005cat_xml153.xml,1
2005cat_xml154.xml,1
2005cat_xml155.xml,1
2005cat_xml156.xml,1
2005cat_xml157.xml,1
2005cat_xml158.xml,1
2005cat_xml16.xml,1
2005cat_xml17.xml,1
2005cat_xml18.xml,1
2005cat_xml19.xml,1
2005cat_xml2.xml,1
2005cat_xml20.xml,1
2005cat_xml21.xml,1
2005cat_xml22.xml,1
2005cat_xml23.xml,1
2005cat_xml24.xml,1
2005cat_xml25.xml,1
2005cat_xml26.xml,1
2005cat_xml27.xml,1
2005cat_xml28.xml,1
2005cat_xml29.xml,1
2005cat_xml3.xml,1
2005cat_xml30.xml,1
2005cat_xml31.xml,1
2005cat_xml32.xml,1
2005cat_xml33.xml,1
2005cat_xml34.xml,1
2005cat_xml35.xml,1
2005cat_xml36.xml,1
2005cat_xml37.xml,1
2005cat_xml38.xml,1
2005cat_xml39.xml,1
2005cat_xml4.xml,1
2005cat_xml40.xml,1
2005cat_xml41.xml,1
2005cat_xml42.xml,1
2005cat_xml43.xml,1
2005cat_xml44.xml,1
2005cat_xml45.xml,1
2005cat_xml46.xml,1
2005cat_xml47.xml,1
2005cat_xml48.xml,1
2005cat_xml49.xml,1
2005cat_xml5.xml,1
2005cat_xml50.xml,1
2005cat_xml51.xml,1
2005cat_xml52.xml,1
2005cat_xml53.xml,1
2005cat_xml54.xml,1
2005cat_xml55.xml,1
2005cat_xml56.xml,1
2005cat_xml57.xml,1
2005cat_xml58.xml,1
2005cat_xml59.xml,1
2005cat_xml6.xml,1
2005cat_xml60.xml,1
2005cat_xml61.xml,1
2005cat_xml62.xml,1
2005cat_xml63.xml,1
2005cat_xml64.xml,1
2005cat_xml65.xml,1
2005cat_xml66.xml,1
2005cat_xml67.xml,1
2005cat_xml68.xml,1
2005cat_xml69.xml,1
2005cat_xml7.xml,1
2005cat_xml70.xml,1
2005cat_xml71.xml,1
2005cat_xml72.xml,1
2005cat_xml73.xml,1
2005cat_xml74.xml,1
2005cat_xml75.xml,1
2005cat_xml76.xml,1
2005cat_xml77.xml,1
2005cat_xml78.xml,1
2005cat_xml79.xml,1
2005cat_xml8.xml,1
2005cat_xml80.xml,1
2005cat_xml81.xml,1
2005cat_xml82.xml,1
2005cat_xml83.xml,1
2005cat_xml84.xml,1
2005cat_xml85.xml,1
2005cat_xml86.xml,1
2005cat_xml87.xml,1
2005cat_xml88.xml,1
2005cat_xml89.xml,1
2005cat_xml9.xml,1
2005cat_xml90.xml,1
2005cat_xml91.xml,1
2005cat_xml92.xml,1
2005cat_xml93.xml,1
2005cat_xml94.xml,1
2005cat_xml95.xml,1
2005cat_xml96.xml,1
2005cat_xml97.xml,1
2005cat_xml98.xml,1
2005cat_xml99.xml,1
2006cat_xml_1.xml,1
2006cat_xml_10.xml,1
2006cat_xml_100.xml,1
2006cat_xml_101.xml,1
2006cat_xml_102.xml,1
2006cat_xml_103.xml,1
2006cat_xml_104.xml,1
2006cat_xml_105.xml,1
2006cat_xml_106.xml,1
2006cat_xml_107.xml,1
2006cat_xml_108.xml,1
2006cat_xml_109.xml,1
2006cat_xml_11.xml,1
2006cat_xml_110.xml,1
2006cat_xml_111.xml,1
2006cat_xml_112.xml,1
2006cat_xml_113.xml,1
2006cat_xml_114.xml,1
2006cat_xml_115.xml,1
2006cat_xml_116.xml,1
2006cat_xml_117.xml,1
2006cat_xml_118.xml,1
2006cat_xml_119.xml,1
2006cat_xml_12.xml,1
2006cat_xml_120.xml,1
2006cat_xml_121.xml,1
2006cat_xml_122.xml,1
2006cat_xml_123.xml,1
2006cat_xml_124.xml,1
2006cat_xml_125.xml,1
2006cat_xml_126.xml,1
2006cat_xml_127.xml,1
2006cat_xml_128.xml,1
2006cat_xml_129.xml,1
2006cat_xml_13.xml,1
2006cat_xml_130.xml,1
2006cat_xml_131.xml,1
2006cat_xml_132.xml,1
2006cat_xml_133.xml,1
2006cat_xml_134.xml,1
2006cat_xml_135.xml,1
2006cat_xml_136.xml,1
2006cat_xml_137.xml,1
2006cat_xml_138.xml,1
2006cat_xml_139.xml,1
2006cat_xml_14.xml,1
2006cat_xml_140.xml,1
2006cat_xml_141.xml,1
2006cat_xml_142.xml,1
2006cat_xml_143.xml,1
2006cat_xml_144.xml,1
2006cat_xml_145.xml,1
2006cat_xml_146.xml,1
2006cat_xml_147.xml,1
2006cat_xml_148.xml,1
2006cat_xml_149.xml,1
2006cat_xml_15.xml,1
2006cat_xml_150.xml,1
2006cat_xml_151.xml,1
2006cat_xml_152.xml,1
2006cat_xml_153.xml,1
2006cat_xml_154.xml,1
2006cat_xml_155.xml,1
2006cat_xml_156.xml,1
2006cat_xml_157.xml,1
2006cat_xml_158.xml,1
2006cat_xml_159.xml,1
2006cat_xml_16.xml,1
2006cat_xml_160.xml,1
2006cat_xml_161.xml,1
2006cat_xml_162.xml,1
2006cat_xml_163.xml,1
2006cat_xml_164.xml,1
2006cat_xml_165.xml,1
2006cat_xml_166.xml,1
2006cat_xml_167.xml,1
2006cat_xml_168.xml,1
2006cat_xml_169.xml,1
2006cat_xml_17.xml,1
2006cat_xml_170.xml,1
2006cat_xml_171.xml,1
2006cat_xml_172.xml,1
2006cat_xml_173.xml,1
2006cat_xml_174.xml,1
2006cat_xml_175.xml,1
2006cat_xml_176.xml,1
2006cat_xml_177.xml,1
2006cat_xml_178.xml,1
2006cat_xml_179.xml,1
2006cat_xml_18.xml,1
2006cat_xml_180.xml,1
2006cat_xml_181.xml,1
2006cat_xml_182.xml,1
2006cat_xml_183.xml,1
2006cat_xml_184.xml,1
2006cat_xml_185.xml,1
2006cat_xml_186.xml,1
2006cat_xml_187.xml,1
2006cat_xml_188.xml,1
2006cat_xml_189.xml,1
2006cat_xml_19.xml,1
2006cat_xml_190.xml,1
2006cat_xml_191.xml,1
2006cat_xml_192.xml,1
2006cat_xml_193.xml,1
2006cat_xml_194.xml,1
2006cat_xml_195.xml,1
2006cat_xml_196.xml,1
2006cat_xml_197.xml,1
2006cat_xml_2.xml,1
2006cat_xml_20.xml,1
2006cat_xml_21.xml,1
2006cat_xml_22.xml,1
2006cat_xml_23.xml,1
2006cat_xml_24.xml,1
2006cat_xml_25.xml,1
2006cat_xml_26.xml,1
2006cat_xml_27.xml,1
2006cat_xml_28.xml,1
2006cat_xml_29.xml,1
2006cat_xml_3.xml,1
2006cat_xml_30.xml,1
2006cat_xml_31.xml,1
2006cat_xml_32.xml,1
2006cat_xml_33.xml,1
2006cat_xml_34.xml,1
2006cat_xml_35.xml,1
2006cat_xml_36.xml,1
2006cat_xml_37.xml,1
2006cat_xml_38.xml,1
2006cat_xml_39.xml,1
2006cat_xml_4.xml,1
2006cat_xml_40.xml,1
2006cat_xml_41.xml,1
2006cat_xml_42.xml,1
2006cat_xml_43.xml,1
2006cat_xml_44.xml,1
2006cat_xml_45.xml,1
2006cat_xml_46.xml,1
2006cat_xml_47.xml,1
2006cat_xml_48.xml,1
2006cat_xml_49.xml,1
2006cat_xml_5.xml,1
2006cat_xml_50.xml,1
2006cat_xml_51.xml,1
2006cat_xml_52.xml,1
2006cat_xml_53.xml,1
2006cat_xml_54.xml,1
2006cat_xml_55.xml,1
2006cat_xml_56.xml,1
2006cat_xml_57.xml,1
2006cat_xml_58.xml,1
2006cat_xml_59.xml,1
2006cat_xml_6.xml,1
2006cat_xml_60.xml,1
2006cat_xml_61.xml,1
2006cat_xml_62.xml,1
2006cat_xml_63.xml,1
2006cat_xml_64.xml,1
2006cat_xml_65.xml,1
2006cat_xml_66.xml,1
2006cat_xml_67.xml,1
2006cat_xml_68.xml,1
2006cat_xml_69.xml,1
2006cat_xml_7.xml,1
2006cat_xml_70.xml,1
2006cat_xml_71.xml,1
2006cat_xml_72.xml,1
2006cat_xml_73.xml,1
2006cat_xml_74.xml,1
2006cat_xml_75.xml,1
2006cat_xml_76.xml,1
2006cat_xml_77.xml,1
2006cat_xml_78.xml,1
2006cat_xml_79.xml,1
2006cat_xml_8.xml,1
2006cat_xml_80.xml,1
2006cat_xml_81.xml,1
2006cat_xml_82.xml,1
2006cat_xml_83.xml,1
2006cat_xml_84.xml,1
2006cat_xml_85.xml,1
2006cat_xml_86.xml,1
2006cat_xml_87.xml,1
2006cat_xml_88.xml,1
2006cat_xml_89.xml,1
2006cat_xml_9.xml,1
2006cat_xml_90.xml,1
2006cat_xml_91.xml,1
2006cat_xml_92.xml,1
2006cat_xml_93.xml,1
2006cat_xml_94.xml,1
2006cat_xml_95.xml,1
2006cat_xml_96.xml,1
2006cat_xml_97.xml,1
2006cat_xml_98.xml,1
2006cat_xml_99.xml,1
2007_4_1cat_xml_1.xml,1
2007_4_1cat_xml_10.xml,1
2007_4_1cat_xml_11.xml,1
2007_4_1cat_xml_12.xml,1
2007_4_1cat_xml_13.xml,1
2007_4_1cat_xml_14.xml,1
2007_4_1cat_xml_15.xml,1
2007_4_1cat_xml_16.xml,1
2007_4_1cat_xml_17.xml,1
2007_4_1cat_xml_18.xml,1
2007_4_1cat_xml_19.xml,1
2007_4_1cat_xml_2.xml,1
2007_4_1cat_xml_20.xml,1
2007_4_1cat_xml_21.xml,1
2007_4_1cat_xml_22.xml,1
2007_4_1cat_xml_23.xml,1
2007_4_1cat_xml_24.xml,1
2007_4_1cat_xml_25.xml,1
2007_4_1cat_xml_26.xml,1
2007_4_1cat_xml_27.xml,1
2007_4_1cat_xml_28.xml,1
2007_4_1cat_xml_29.xml,1
2007_4_1cat_xml_3.xml,1
2007_4_1cat_xml_30.xml,1
2007_4_1cat_xml_31.xml,1
2007_4_1cat_xml_32.xml,1
2007_4_1cat_xml_33.xml,1
2007_4_1cat_xml_34.xml,1
2007_4_1cat_xml_35.xml,1
2007_4_1cat_xml_36.xml,1
2007_4_1cat_xml_37.xml,1
2007_4_1cat_xml_38.xml,1
2007_4_1cat_xml_39.xml,1
2007_4_1cat_xml_4.xml,1
2007_4_1cat_xml_40.xml,1
2007_4_1cat_xml_41.xml,1
2007_4_1cat_xml_42.xml,1
2007_4_1cat_xml_43.xml,1
2007_4_1cat_xml_44.xml,1
2007_4_1cat_xml_45.xml,1
2007_4_1cat_xml_46.xml,1
2007_4_1cat_xml_47.xml,1
2007_4_1cat_xml_48.xml,1
2007_4_1cat_xml_5.xml,1
2007_4_1cat_xml_6.xml,1
2007_4_1cat_xml_7.xml,1
2007_4_1cat_xml_8.xml,1
2007_4_1cat_xml_9.xml,1
2007_4_2cat_xml_1.xml,1
2007_4_2cat_xml_10.xml,1
2007_4_2cat_xml_100.xml,1
2007_4_2cat_xml_101.xml,1
2007_4_2cat_xml_102.xml,1
2007_4_2cat_xml_103.xml,1
2007_4_2cat_xml_104.xml,1
2007_4_2cat_xml_105.xml,1
2007_4_2cat_xml_106.xml,1
2007_4_2cat_xml_107.xml,1
2007_4_2cat_xml_108.xml,1
2007_4_2cat_xml_109.xml,1
2007_4_2cat_xml_11.xml,1
2007_4_2cat_xml_110.xml,1
2007_4_2cat_xml_111.xml,1
2007_4_2cat_xml_112.xml,1
2007_4_2cat_xml_113.xml,1
2007_4_2cat_xml_114.xml,1
2007_4_2cat_xml_115.xml,1
2007_4_2cat_xml_116.xml,1
2007_4_2cat_xml_117.xml,1
2007_4_2cat_xml_118.xml,1
2007_4_2cat_xml_119.xml,1
2007_4_2cat_xml_12.xml,1
2007_4_2cat_xml_120.xml,1
2007_4_2cat_xml_121.xml,1
2007_4_2cat_xml_122.xml,1
2007_4_2cat_xml_123.xml,1
2007_4_2cat_xml_124.xml,1
2007_4_2cat_xml_125.xml,1
2007_4_2cat_xml_126.xml,1
2007_4_2cat_xml_127.xml,1
2007_4_2cat_xml_128.xml,1
2007_4_2cat_xml_129.xml,1
2007_4_2cat_xml_13.xml,1
2007_4_2cat_xml_130.xml,1
2007_4_2cat_xml_131.xml,1
2007_4_2cat_xml_132.xml,1
2007_4_2cat_xml_133.xml,1
2007_4_2cat_xml_134.xml,1
2007_4_2cat_xml_135.xml,1
2007_4_2cat_xml_136.xml,1
2007_4_2cat_xml_14.xml,1
2007_4_2cat_xml_15.xml,1
2007_4_2cat_xml_16.xml,1
2007_4_2cat_xml_17.xml,1
2007_4_2cat_xml_18.xml,1
2007_4_2cat_xml_19.xml,1
2007_4_2cat_xml_2.xml,1
2007_4_2cat_xml_20.xml,1
2007_4_2cat_xml_21.xml,1
2007_4_2cat_xml_22.xml,1
2007_4_2cat_xml_23.xml,1
2007_4_2cat_xml_24.xml,1
2007_4_2cat_xml_25.xml,1
2007_4_2cat_xml_26.xml,1
2007_4_2cat_xml_27.xml,1
2007_4_2cat_xml_28.xml,1
2007_4_2cat_xml_29.xml,1
2007_4_2cat_xml_3.xml,1
2007_4_2cat_xml_30.xml,1
2007_4_2cat_xml_31.xml,1
2007_4_2cat_xml_32.xml,1
2007_4_2cat_xml_33.xml,1
2007_4_2cat_xml_34.xml,1
2007_4_2cat_xml_35.xml,1
2007_4_2cat_xml_36.xml,1
2007_4_2cat_xml_37.xml,1
2007_4_2cat_xml_38.xml,1
2007_4_2cat_xml_39.xml,1
2007_4_2cat_xml_4.xml,1
2007_4_2cat_xml_40.xml,1
2007_4_2cat_xml_41.xml,1
2007_4_2cat_xml_42.xml,1
2007_4_2cat_xml_43.xml,1
2007_4_2cat_xml_44.xml,1
2007_4_2cat_xml_45.xml,1
2007_4_2cat_xml_46.xml,1
2007_4_2cat_xml_47.xml,1
2007_4_2cat_xml_48.xml,1
2007_4_2cat_xml_49.xml,1
2007_4_2cat_xml_5.xml,1
2007_4_2cat_xml_50.xml,1
2007_4_2cat_xml_51.xml,1
2007_4_2cat_xml_52.xml,1
2007_4_2cat_xml_53.xml,1
2007_4_2cat_xml_54.xml,1
2007_4_2cat_xml_55.xml,1
2007_4_2cat_xml_56.xml,1
2007_4_2cat_xml_57.xml,1
2007_4_2cat_xml_58.xml,1
2007_4_2cat_xml_59.xml,1
2007_4_2cat_xml_6.xml,1
2007_4_2cat_xml_60.xml,1
2007_4_2cat_xml_61.xml,1
2007_4_2cat_xml_62.xml,1
2007_4_2cat_xml_63.xml,1
2007_4_2cat_xml_64.xml,1
2007_4_2cat_xml_65.xml,1
2007_4_2cat_xml_66.xml,1
2007_4_2cat_xml_67.xml,1
2007_4_2cat_xml_68.xml,1
2007_4_2cat_xml_69.xml,1
2007_4_2cat_xml_7.xml,1
2007_4_2cat_xml_70.xml,1
2007_4_2cat_xml_71.xml,1
2007_4_2cat_xml_72.xml,1
2007_4_2cat_xml_73.xml,1
2007_4_2cat_xml_74.xml,1
2007_4_2cat_xml_75.xml,1
2007_4_2cat_xml_76.xml,1
2007_4_2cat_xml_77.xml,1
2007_4_2cat_xml_78.xml,1
2007_4_2cat_xml_79.xml,1
2007_4_2cat_xml_8.xml,1
2007_4_2cat_xml_80.xml,1
2007_4_2cat_xml_81.xml,1
2007_4_2cat_xml_82.xml,1
2007_4_2cat_xml_83.xml,1
2007_4_2cat_xml_84.xml,1
2007_4_2cat_xml_85.xml,1
2007_4_2cat_xml_86.xml,1
2007_4_2cat_xml_87.xml,1
2007_4_2cat_xml_88.xml,1
2007_4_2cat_xml_89.xml,1
2007_4_2cat_xml_9.xml,1
2007_4_2cat_xml_90.xml,1
2007_4_2cat_xml_91.xml,1
2007_4_2cat_xml_92.xml,1
2007_4_2cat_xml_93.xml,1
2007_4_2cat_xml_94.xml,1
2007_4_2cat_xml_95.xml,1
2007_4_2cat_xml_96.xml,1
2007_4_2cat_xml_97.xml,1
2007_4_2cat_xml_98.xml,1
2007_4_2cat_xml_99.xml,1
2008cat_xml_1.xml,1
2008cat_xml_10.xml,1
2008cat_xml_100.xml,1
2008cat_xml_101.xml,1
2008cat_xml_102.xml,1
2008cat_xml_103.xml,1
2008cat_xml_104.xml,1
2008cat_xml_105.xml,1
2008cat_xml_106.xml,1
2008cat_xml_107.xml,1
2008cat_xml_108.xml,1
2008cat_xml_109.xml,1
2008cat_xml_11.xml,1
2008cat_xml_110.xml,1
2008cat_xml_111.xml,1
2008cat_xml_112.xml,1
2008cat_xml_113.xml,1
2008cat_xml_114.xml,1
2008cat_xml_115.xml,1
2008cat_xml_116.xml,1
2008cat_xml_117.xml,1
2008cat_xml_118.xml,1
2008cat_xml_119.xml,1
2008cat_xml_12.xml,1
2008cat_xml_120.xml,1
2008cat_xml_121.xml,1
2008cat_xml_122.xml,1
2008cat_xml_123.xml,1
2008cat_xml_124.xml,1
2008cat_xml_125.xml,1
2008cat_xml_126.xml,1
2008cat_xml_127.xml,1
2008cat_xml_128.xml,1
2008cat_xml_129.xml,1
2008cat_xml_13.xml,1
2008cat_xml_130.xml,1
2008cat_xml_131.xml,1
2008cat_xml_132.xml,1
2008cat_xml_133.xml,1
2008cat_xml_134.xml,1
2008cat_xml_135.xml,1
2008cat_xml_136.xml,1
2008cat_xml_137.xml,1
2008cat_xml_138.xml,1
2008cat_xml_139.xml,1
2008cat_xml_14.xml,1
2008cat_xml_140.xml,1
2008cat_xml_141.xml,1
2008cat_xml_142.xml,1
2008cat_xml_143.xml,1
2008cat_xml_144.xml,1
2008cat_xml_145.xml,1
2008cat_xml_146.xml,1
2008cat_xml_147.xml,1
2008cat_xml_148.xml,1
2008cat_xml_149.xml,1
2008cat_xml_15.xml,1
2008cat_xml_150.xml,1
2008cat_xml_151.xml,1
2008cat_xml_152.xml,1
2008cat_xml_153.xml,1
2008cat_xml_154.xml,1
2008cat_xml_155.xml,1
2008cat_xml_156.xml,1
2008cat_xml_157.xml,1
2008cat_xml_158.xml,1
2008cat_xml_159.xml,1
2008cat_xml_16.xml,1
2008cat_xml_160.xml,1
2008cat_xml_161.xml,1
2008cat_xml_162.xml,1
2008cat_xml_163.xml,1
2008cat_xml_164.xml,1
2008cat_xml_165.xml,1
2008cat_xml_166.xml,1
2008cat_xml_167.xml,1
2008cat_xml_168.xml,1
2008cat_xml_169.xml,1
2008cat_xml_17.xml,1
2008cat_xml_170.xml,1
2008cat_xml_171.xml,1
2008cat_xml_172.xml,1
2008cat_xml_173.xml,1
2008cat_xml_174.xml,1
2008cat_xml_175.xml,1
2008cat_xml_176.xml,1
2008cat_xml_177.xml,1
2008cat_xml_178.xml,1
2008cat_xml_179.xml,1
2008cat_xml_18.xml,1
2008cat_xml_180.xml,1
2008cat_xml_181.xml,1
2008cat_xml_182.xml,1
2008cat_xml_183.xml,1
2008cat_xml_184.xml,1
2008cat_xml_185.xml,1
2008cat_xml_186.xml,1
2008cat_xml_19.xml,1
2008cat_xml_2.xml,1
2008cat_xml_20.xml,1
2008cat_xml_21.xml,1
2008cat_xml_22.xml,1
2008cat_xml_23.xml,1
2008cat_xml_24.xml,1
2008cat_xml_25.xml,1
2008cat_xml_26.xml,1
2008cat_xml_27.xml,1
2008cat_xml_28.xml,1
2008cat_xml_29.xml,1
2008cat_xml_3.xml,1
2008cat_xml_30.xml,1
2008cat_xml_31.xml,1
2008cat_xml_32.xml,1
2008cat_xml_33.xml,1
2008cat_xml_34.xml,1
2008cat_xml_35.xml,1
2008cat_xml_36.xml,1
2008cat_xml_37.xml,1
2008cat_xml_38.xml,1
2008cat_xml_39.xml,1
2008cat_xml_4.xml,1
2008cat_xml_40.xml,1
2008cat_xml_41.xml,1
2008cat_xml_42.xml,1
2008cat_xml_43.xml,1
2008cat_xml_44.xml,1
2008cat_xml_45.xml,1
2008cat_xml_46.xml,1
2008cat_xml_47.xml,1
2008cat_xml_48.xml,1
2008cat_xml_49.xml,1
2008cat_xml_5.xml,1
2008cat_xml_50.xml,1
2008cat_xml_51.xml,1
2008cat_xml_52.xml,1
2008cat_xml_53.xml,1
2008cat_xml_54.xml,1
2008cat_xml_55.xml,1
2008cat_xml_56.xml,1
2008cat_xml_57.xml,1
2008cat_xml_58.xml,1
2008cat_xml_59.xml,1
2008cat_xml_6.xml,1
2008cat_xml_60.xml,1
2008cat_xml_61.xml,1
2008cat_xml_62.xml,1
2008cat_xml_63.xml,1
2008cat_xml_64.xml,1
2008cat_xml_65.xml,1
2008cat_xml_66.xml,1
2008cat_xml_67.xml,1
2008cat_xml_68.xml,1
2008cat_xml_69.xml,1
2008cat_xml_7.xml,1
2008cat_xml_70.xml,1
2008cat_xml_71.xml,1
2008cat_xml_72.xml,1
2008cat_xml_73.xml,1
2008cat_xml_74.xml,1
2008cat_xml_75.xml,1
2008cat_xml_76.xml,1
2008cat_xml_77.xml,1
2008cat_xml_78.xml,1
2008cat_xml_79.xml,1
2008cat_xml_8.xml,1
2008cat_xml_80.xml,1
2008cat_xml_81.xml,1
2008cat_xml_82.xml,1
2008cat_xml_83.xml,1
2008cat_xml_84.xml,1
2008cat_xml_85.xml,1
2008cat_xml_86.xml,1
2008cat_xml_87.xml,1
2008cat_xml_88.xml,1
2008cat_xml_89.xml,1
2008cat_xml_9.xml,1
2008cat_xml_90.xml,1
2008cat_xml_91.xml,1
2008cat_xml_92.xml,1
2008cat_xml_93.xml,1
2008cat_xml_94.xml,1
2008cat_xml_95.xml,1
2008cat_xml_96.xml,1
2008cat_xml_97.xml,1
2008cat_xml_98.xml,1
2008cat_xml_99.xml,1
2009cat_xml_1.xml,1
2009cat_xml_10.xml,1
2009cat_xml_100.xml,1
2009cat_xml_101.xml,1
2009cat_xml_102.xml,1
2009cat_xml_103.xml,1
2009cat_xml_104.xml,1
2009cat_xml_105.xml,1
2009cat_xml_106.xml,1
2009cat_xml_107.xml,1
2009cat_xml_108.xml,1
2009cat_xml_109.xml,1
2009cat_xml_11.xml,1
2009cat_xml_110.xml,1
2009cat_xml_111.xml,1
2009cat_xml_112.xml,1
2009cat_xml_113.xml,1
2009cat_xml_114.xml,1
2009cat_xml_115.xml,1
2009cat_xml_116.xml,1
2009cat_xml_117.xml,1
2009cat_xml_118.xml,1
2009cat_xml_119.xml,1
2009cat_xml_12.xml,1
2009cat_xml_120.xml,1
2009cat_xml_121.xml,1
2009cat_xml_122.xml,1
2009cat_xml_123.xml,1
2009cat_xml_124.xml,1
2009cat_xml_125.xml,1
2009cat_xml_126.xml,1
2009cat_xml_127.xml,1
2009cat_xml_128.xml,1
2009cat_xml_129.xml,1
2009cat_xml_13.xml,1
2009cat_xml_130.xml,1
2009cat_xml_131.xml,1
2009cat_xml_132.xml,1
2009cat_xml_133.xml,1
2009cat_xml_134.xml,1
2009cat_xml_135.xml,1
2009cat_xml_136.xml,1
2009cat_xml_137.xml,1
2009cat_xml_138.xml,1
2009cat_xml_139.xml,1
2009cat_xml_14.xml,1
2009cat_xml_140.xml,1
2009cat_xml_141.xml,1
2009cat_xml_142.xml,1
2009cat_xml_143.xml,1
2009cat_xml_144.xml,1
2009cat_xml_145.xml,1
2009cat_xml_146.xml,1
2009cat_xml_147.xml,1
2009cat_xml_148.xml,1
2009cat_xml_149.xml,1
2009cat_xml_15.xml,1
2009cat_xml_150.xml,1
2009cat_xml_151.xml,1
2009cat_xml_152.xml,1
2009cat_xml_153.xml,1
2009cat_xml_154.xml,1
2009cat_xml_155.xml,1
2009cat_xml_156.xml,1
2009cat_xml_157.xml,1
2009cat_xml_158.xml,1
2009cat_xml_159.xml,1
2009cat_xml_16.xml,1
2009cat_xml_160.xml,1
2009cat_xml_161.xml,1
2009cat_xml_162.xml,1
2009cat_xml_163.xml,1
2009cat_xml_164.xml,1
2009cat_xml_165.xml,1
2009cat_xml_166.xml,1
2009cat_xml_167.xml,1
2009cat_xml_168.xml,1
2009cat_xml_169.xml,1
2009cat_xml_17.xml,1
2009cat_xml_170.xml,1
2009cat_xml_171.xml,1
2009cat_xml_172.xml,1
2009cat_xml_173.xml,1
2009cat_xml_174.xml,1
2009cat_xml_175.xml,1
2009cat_xml_176.xml,1
2009cat_xml_177.xml,1
2009cat_xml_178.xml,1
2009cat_xml_179.xml,1
2009cat_xml_18.xml,1
2009cat_xml_180.xml,1
2009cat_xml_181.xml,1
2009cat_xml_182.xml,1
2009cat_xml_183.xml,1
2009cat_xml_184.xml,1
2009cat_xml_185.xml,1
2009cat_xml_186.xml,1
2009cat_xml_187.xml,1
2009cat_xml_188.xml,1
2009cat_xml_189.xml,1
2009cat_xml_19.xml,1
2009cat_xml_190.xml,1
2009cat_xml_191.xml,1
2009cat_xml_192.xml,1
2009cat_xml_193.xml,1
2009cat_xml_2.xml,1
2009cat_xml_20.xml,1
2009cat_xml_21.xml,1
2009cat_xml_22.xml,1
2009cat_xml_23.xml,1
2009cat_xml_24.xml,1
2009cat_xml_25.xml,1
2009cat_xml_26.xml,1
2009cat_xml_27.xml,1
2009cat_xml_28.xml,1
2009cat_xml_29.xml,1
2009cat_xml_3.xml,1
2009cat_xml_30.xml,1
2009cat_xml_31.xml,1
2009cat_xml_32.xml,1
2009cat_xml_33.xml,1
2009cat_xml_34.xml,1
2009cat_xml_35.xml,1
2009cat_xml_36.xml,1
2009cat_xml_37.xml,1
2009cat_xml_38.xml,1
2009cat_xml_39.xml,1
2009cat_xml_4.xml,1
2009cat_xml_40.xml,1
2009cat_xml_41.xml,1
2009cat_xml_42.xml,1
2009cat_xml_43.xml,1
2009cat_xml_44.xml,1
2009cat_xml_45.xml,1
2009cat_xml_46.xml,1
2009cat_xml_47.xml,1
2009cat_xml_48.xml,1
2009cat_xml_49.xml,1
2009cat_xml_5.xml,1
2009cat_xml_50.xml,1
2009cat_xml_51.xml,1
2009cat_xml_52.xml,1
2009cat_xml_53.xml,1
2009cat_xml_54.xml,1
2009cat_xml_55.xml,1
2009cat_xml_56.xml,1
2009cat_xml_57.xml,1
2009cat_xml_58.xml,1
2009cat_xml_59.xml,1
2009cat_xml_6.xml,1
2009cat_xml_60.xml,1
2009cat_xml_61.xml,1
2009cat_xml_62.xml,1
2009cat_xml_63.xml,1
2009cat_xml_64.xml,1
2009cat_xml_65.xml,1
2009cat_xml_66.xml,1
2009cat_xml_67.xml,1
2009cat_xml_68.xml,1
2009cat_xml_69.xml,1
2009cat_xml_7.xml,1
2009cat_xml_70.xml,1
2009cat_xml_71.xml,1
2009cat_xml_72.xml,1
2009cat_xml_73.xml,1
2009cat_xml_74.xml,1
2009cat_xml_75.xml,1
2009cat_xml_76.xml,1
2009cat_xml_77.xml,1
2009cat_xml_78.xml,1
2009cat_xml_79.xml,1
2009cat_xml_8.xml,1
2009cat_xml_80.xml,1
2009cat_xml_81.xml,1
2009cat_xml_82.xml,1
2009cat_xml_83.xml,1
2009cat_xml_84.xml,1
2009cat_xml_85.xml,1
2009cat_xml_86.xml,1
2009cat_xml_87.xml,1
2009cat_xml_88.xml,1
2009cat_xml_89.xml,1
2009cat_xml_9.xml,1
2009cat_xml_90.xml,1
2009cat_xml_91.xml,1
2009cat_xml_92.xml,1
2009cat_xml_93.xml,1
2009cat_xml_94.xml,1
2009cat_xml_95.xml,1
2009cat_xml_96.xml,1
2009cat_xml_97.xml,1
2009cat_xml_98.xml,1
2009cat_xml_99.xml,1
2010cat_xml_1.xml,1
2010cat_xml_10.xml,1
2010cat_xml_100.xml,1
2010cat_xml_101.xml,1
2010cat_xml_102.xml,1
2010cat_xml_103.xml,1
2010cat_xml_104.xml,1
2010cat_xml_105.xml,1
2010cat_xml_106.xml,1
2010cat_xml_107.xml,1
2010cat_xml_108.xml,1
2010cat_xml_109.xml,1
2010cat_xml_11.xml,1
2010cat_xml_110.xml,1
2010cat_xml_111.xml,1
2010cat_xml_112.xml,1
2010cat_xml_113.xml,1
2010cat_xml_114.xml,1
2010cat_xml_115.xml,1
2010cat_xml_116.xml,1
2010cat_xml_117.xml,1
2010cat_xml_118.xml,1
2010cat_xml_119.xml,1
2010cat_xml_12.xml,1
2010cat_xml_120.xml,1
2010cat_xml_121.xml,1
2010cat_xml_122.xml,1
2010cat_xml_123.xml,1
2010cat_xml_124.xml,1
2010cat_xml_125.xml,1
2010cat_xml_126.xml,1
2010cat_xml_127.xml,1
2010cat_xml_128.xml,1
2010cat_xml_129.xml,1
2010cat_xml_13.xml,1
2010cat_xml_130.xml,1
2010cat_xml_131.xml,1
2010cat_xml_132.xml,1
2010cat_xml_133.xml,1
2010cat_xml_134.xml,1
2010cat_xml_135.xml,1
2010cat_xml_136.xml,1
2010cat_xml_137.xml,1
2010cat_xml_138.xml,1
2010cat_xml_139.xml,1
2010cat_xml_14.xml,1
2010cat_xml_140.xml,1
2010cat_xml_141.xml,1
2010cat_xml_142.xml,1
2010cat_xml_143.xml,1
2010cat_xml_144.xml,1
2010cat_xml_145.xml,1
2010cat_xml_146.xml,1
2010cat_xml_147.xml,1
2010cat_xml_148.xml,1
2010cat_xml_149.xml,1
2010cat_xml_15.xml,1
2010cat_xml_150.xml,1
2010cat_xml_151.xml,1
2010cat_xml_152.xml,1
2010cat_xml_153.xml,1
2010cat_xml_154.xml,1
2010cat_xml_155.xml,1
2010cat_xml_156.xml,1
2010cat_xml_157.xml,1
2010cat_xml_158.xml,1
2010cat_xml_159.xml,1
2010cat_xml_16.xml,1
2010cat_xml_160.xml,1
2010cat_xml_161.xml,1
2010cat_xml_162.xml,1
2010cat_xml_163.xml,1
2010cat_xml_164.xml,1
2010cat_xml_165.xml,1
2010cat_xml_166.xml,1
2010cat_xml_167.xml,1
2010cat_xml_168.xml,1
2010cat_xml_169.xml,1
2010cat_xml_17.xml,1
2010cat_xml_170.xml,1
2010cat_xml_171.xml,1
2010cat_xml_172.xml,1
2010cat_xml_173.xml,1
2010cat_xml_174.xml,1
2010cat_xml_175.xml,1
2010cat_xml_176.xml,1
2010cat_xml_177.xml,1
2010cat_xml_178.xml,1
2010cat_xml_179.xml,1
2010cat_xml_18.xml,1
2010cat_xml_180.xml,1
2010cat_xml_181.xml,1
2010cat_xml_182.xml,1
2010cat_xml_183.xml,1
2010cat_xml_184.xml,1
2010cat_xml_185.xml,1
2010cat_xml_186.xml,1
2010cat_xml_187.xml,1
2010cat_xml_188.xml,1
2010cat_xml_189.xml,1
2010cat_xml_19.xml,1
2010cat_xml_190.xml,1
2010cat_xml_191.xml,1
2010cat_xml_192.xml,1
2010cat_xml_193.xml,1
2010cat_xml_194.xml,1
2010cat_xml_195.xml,1
2010cat_xml_196.xml,1
2010cat_xml_197.xml,1
2010cat_xml_198.xml,1
2010cat_xml_199.xml,1
2010cat_xml_2.xml,1
2010cat_xml_20.xml,1
2010cat_xml_200.xml,1
2010cat_xml_201.xml,1
2010cat_xml_202.xml,1
2010cat_xml_203.xml,1
2010cat_xml_204.xml,1
2010cat_xml_205.xml,1
2010cat_xml_206.xml,1
2010cat_xml_207.xml,1
2010cat_xml_208.xml,1
2010cat_xml_209.xml,1
2010cat_xml_21.xml,1
2010cat_xml_210.xml,1
2010cat_xml_211.xml,1
2010cat_xml_212.xml,1
2010cat_xml_213.xml,1
2010cat_xml_214.xml,1
2010cat_xml_215.xml,1
2010cat_xml_216.xml,1
2010cat_xml_217.xml,1
2010cat_xml_218.xml,1
2010cat_xml_219.xml,1
2010cat_xml_22.xml,1
2010cat_xml_220.xml,1
2010cat_xml_221.xml,1
2010cat_xml_222.xml,1
2010cat_xml_223.xml,1
2010cat_xml_224.xml,1
2010cat_xml_225.xml,1
2010cat_xml_226.xml,1
2010cat_xml_227.xml,1
2010cat_xml_228.xml,1
2010cat_xml_229.xml,1
2010cat_xml_23.xml,1
2010cat_xml_230.xml,1
2010cat_xml_231.xml,1
2010cat_xml_232.xml,1
2010cat_xml_233.xml,1
2010cat_xml_234.xml,1
2010cat_xml_235.xml,1
2010cat_xml_236.xml,1
2010cat_xml_237.xml,1
2010cat_xml_238.xml,1
2010cat_xml_239.xml,1
2010cat_xml_24.xml,1
2010cat_xml_240.xml,1
2010cat_xml_241.xml,1
2010cat_xml_242.xml,1
2010cat_xml_243.xml,1
2010cat_xml_244.xml,1
2010cat_xml_245.xml,1
2010cat_xml_25.xml,1
2010cat_xml_26.xml,1
2010cat_xml_27.xml,1
2010cat_xml_28.xml,1
2010cat_xml_29.xml,1
2010cat_xml_3.xml,1
2010cat_xml_30.xml,1
2010cat_xml_31.xml,1
2010cat_xml_32.xml,1
2010cat_xml_33.xml,1
2010cat_xml_34.xml,1
2010cat_xml_35.xml,1
2010cat_xml_36.xml,1
2010cat_xml_37.xml,1
2010cat_xml_38.xml,1
2010cat_xml_39.xml,1
2010cat_xml_4.xml,1
2010cat_xml_40.xml,1
2010cat_xml_41.xml,1
2010cat_xml_42.xml,1
2010cat_xml_43.xml,1
2010cat_xml_44.xml,1
2010cat_xml_45.xml,1
2010cat_xml_46.xml,1
2010cat_xml_47.xml,1
2010cat_xml_48.xml,1
2010cat_xml_49.xml,1
2010cat_xml_5.xml,1
2010cat_xml_50.xml,1
2010cat_xml_51.xml,1
2010cat_xml_52.xml,1
2010cat_xml_53.xml,1
2010cat_xml_54.xml,1
2010cat_xml_55.xml,1
2010cat_xml_56.xml,1
2010cat_xml_57.xml,1
2010cat_xml_58.xml,1
2010cat_xml_59.xml,1
2010cat_xml_6.xml,1
2010cat_xml_60.xml,1
2010cat_xml_61.xml,1
2010cat_xml_62.xml,1
2010cat_xml_63.xml,1
2010cat_xml_64.xml,1
2010cat_xml_65.xml,1
2010cat_xml_66.xml,1
2010cat_xml_67.xml,1
2010cat_xml_68.xml,1
2010cat_xml_69.xml,1
2010cat_xml_7.xml,1
2010cat_xml_70.xml,1
2010cat_xml_71.xml,1
2010cat_xml_72.xml,1
2010cat_xml_73.xml,1
2010cat_xml_74.xml,1
2010cat_xml_75.xml,1
2010cat_xml_76.xml,1
2010cat_xml_77.xml,1
2010cat_xml_78.xml,1
2010cat_xml_79.xml,1
2010cat_xml_8.xml,1
2010cat_xml_80.xml,1
2010cat_xml_81.xml,1
2010cat_xml_82.xml,1
2010cat_xml_83.xml,1
2010cat_xml_84.xml,1
2010cat_xml_85.xml,1
2010cat_xml_86.xml,1
2010cat_xml_87.xml,1
2010cat_xml_88.xml,1
2010cat_xml_89.xml,1
2010cat_xml_9.xml,1
2010cat_xml_90.xml,1
2010cat_xml_91.xml,1
2010cat_xml_92.xml,1
2010cat_xml_93.xml,1
2010cat_xml_94.xml,1
2010cat_xml_95.xml,1
2010cat_xml_96.xml,1
2010cat_xml_97.xml,1
2010cat_xml_98.xml,1
2010cat_xml_99.xml,1
2011cat_xml_1.xml,1
2011cat_xml_10.xml,1
2011cat_xml_100.xml,1
2011cat_xml_101.xml,1
2011cat_xml_102.xml,1
2011cat_xml_103.xml,1
2011cat_xml_104.xml,1
2011cat_xml_105.xml,1
2011cat_xml_106.xml,1
2011cat_xml_107.xml,1
2011cat_xml_108.xml,1
2011cat_xml_109.xml,1
2011cat_xml_11.xml,1
2011cat_xml_110.xml,1
2011cat_xml_111.xml,1
2011cat_xml_112.xml,1
2011cat_xml_113.xml,1
2011cat_xml_114.xml,1
2011cat_xml_115.xml,1
2011cat_xml_116.xml,1
2011cat_xml_117.xml,1
2011cat_xml_118.xml,1
2011cat_xml_119.xml,1
2011cat_xml_12.xml,1
2011cat_xml_120.xml,1
2011cat_xml_121.xml,1
2011cat_xml_122.xml,1
2011cat_xml_123.xml,1
2011cat_xml_124.xml,1
2011cat_xml_125.xml,1
2011cat_xml_126.xml,1
2011cat_xml_127.xml,1
2011cat_xml_128.xml,1
2011cat_xml_129.xml,1
2011cat_xml_13.xml,1
2011cat_xml_130.xml,1
2011cat_xml_131.xml,1
2011cat_xml_132.xml,1
2011cat_xml_133.xml,1
2011cat_xml_134.xml,1
2011cat_xml_135.xml,1
2011cat_xml_136.xml,1
2011cat_xml_137.xml,1
2011cat_xml_138.xml,1
2011cat_xml_139.xml,1
2011cat_xml_14.xml,1
2011cat_xml_140.xml,1
2011cat_xml_141.xml,1
2011cat_xml_142.xml,1
2011cat_xml_143.xml,1
2011cat_xml_144.xml,1
2011cat_xml_145.xml,1
2011cat_xml_146.xml,1
2011cat_xml_147.xml,1
2011cat_xml_148.xml,1
2011cat_xml_149.xml,1
2011cat_xml_15.xml,1
2011cat_xml_150.xml,1
2011cat_xml_151.xml,1
2011cat_xml_152.xml,1
2011cat_xml_153.xml,1
2011cat_xml_154.xml,1
2011cat_xml_155.xml,1
2011cat_xml_156.xml,1
2011cat_xml_157.xml,1
2011cat_xml_158.xml,1
2011cat_xml_159.xml,1
2011cat_xml_16.xml,1
2011cat_xml_160.xml,1
2011cat_xml_161.xml,1
2011cat_xml_162.xml,1
2011cat_xml_163.xml,1
2011cat_xml_164.xml,1
2011cat_xml_165.xml,1
2011cat_xml_166.xml,1
2011cat_xml_167.xml,1
2011cat_xml_168.xml,1
2011cat_xml_169.xml,1
2011cat_xml_17.xml,1
2011cat_xml_170.xml,1
2011cat_xml_171.xml,1
2011cat_xml_172.xml,1
2011cat_xml_173.xml,1
2011cat_xml_174.xml,1
2011cat_xml_175.xml,1
2011cat_xml_176.xml,1
2011cat_xml_177.xml,1
2011cat_xml_178.xml,1
2011cat_xml_179.xml,1
2011cat_xml_18.xml,1
2011cat_xml_180.xml,1
2011cat_xml_181.xml,1
2011cat_xml_182.xml,1
2011cat_xml_183.xml,1
2011cat_xml_184.xml,1
2011cat_xml_185.xml,1
2011cat_xml_186.xml,1
2011cat_xml_187.xml,1
2011cat_xml_188.xml,1
2011cat_xml_189.xml,1
2011cat_xml_19.xml,1
2011cat_xml_190.xml,1
2011cat_xml_191.xml,1
2011cat_xml_192.xml,1
2011cat_xml_193.xml,1
2011cat_xml_194.xml,1
2011cat_xml_195.xml,1
2011cat_xml_196.xml,1
2011cat_xml_197.xml,1
2011cat_xml_198.xml,1
2011cat_xml_199.xml,1
2011cat_xml_2.xml,1
2011cat_xml_20.xml,1
2011cat_xml_200.xml,1
2011cat_xml_201.xml,1
2011cat_xml_202.xml,1
2011cat_xml_203.xml,1
2011cat_xml_204.xml,1
2011cat_xml_205.xml,1
2011cat_xml_206.xml,1
2011cat_xml_207.xml,1
2011cat_xml_208.xml,1
2011cat_xml_209.xml,1
2011cat_xml_21.xml,1
2011cat_xml_210.xml,1
2011cat_xml_211.xml,1
2011cat_xml_212.xml,1
2011cat_xml_213.xml,1
2011cat_xml_214.xml,1
2011cat_xml_215.xml,1
2011cat_xml_216.xml,1
2011cat_xml_217.xml,1
2011cat_xml_218.xml,1
2011cat_xml_219.xml,1
2011cat_xml_22.xml,1
2011cat_xml_220.xml,1
2011cat_xml_221.xml,1
2011cat_xml_222.xml,1
2011cat_xml_223.xml,1
2011cat_xml_224.xml,1
2011cat_xml_225.xml,1
2011cat_xml_226.xml,1
2011cat_xml_227.xml,1
2011cat_xml_228.xml,1
2011cat_xml_229.xml,1
2011cat_xml_23.xml,1
2011cat_xml_230.xml,1
2011cat_xml_231.xml,1
2011cat_xml_232.xml,1
2011cat_xml_233.xml,1
2011cat_xml_234.xml,1
2011cat_xml_235.xml,1
2011cat_xml_236.xml,1
2011cat_xml_237.xml,1
2011cat_xml_238.xml,1
2011cat_xml_239.xml,1
2011cat_xml_24.xml,1
2011cat_xml_240.xml,1
2011cat_xml_241.xml,1
2011cat_xml_242.xml,1
2011cat_xml_243.xml,1
2011cat_xml_244.xml,1
2011cat_xml_245.xml,1
2011cat_xml_246.xml,1
2011cat_xml_247.xml,1
2011cat_xml_248.xml,1
2011cat_xml_249.xml,1
2011cat_xml_25.xml,1
2011cat_xml_26.xml,1
2011cat_xml_27.xml,1
2011cat_xml_28.xml,1
2011cat_xml_29.xml,1
2011cat_xml_3.xml,1
2011cat_xml_30.xml,1
2011cat_xml_31.xml,1
2011cat_xml_32.xml,1
2011cat_xml_33.xml,1
2011cat_xml_34.xml,1
2011cat_xml_35.xml,1
2011cat_xml_36.xml,1
2011cat_xml_37.xml,1
2011cat_xml_38.xml,1
2011cat_xml_39.xml,1
2011cat_xml_4.xml,1
2011cat_xml_40.xml,1
2011cat_xml_41.xml,1
2011cat_xml_42.xml,1
2011cat_xml_43.xml,1
2011cat_xml_44.xml,1
2011cat_xml_45.xml,1
2011cat_xml_46.xml,1
2011cat_xml_47.xml,1
2011cat_xml_48.xml,1
2011cat_xml_49.xml,1
2011cat_xml_5.xml,1
2011cat_xml_50.xml,1
2011cat_xml_51.xml,1
2011cat_xml_52.xml,1
2011cat_xml_53.xml,1
2011cat_xml_54.xml,1
2011cat_xml_55.xml,1
2011cat_xml_56.xml,1
2011cat_xml_57.xml,1
2011cat_xml_58.xml,1
2011cat_xml_59.xml,1
2011cat_xml_6.xml,1
2011cat_xml_60.xml,1
2011cat_xml_61.xml,1
2011cat_xml_62.xml,1
2011cat_xml_63.xml,1
2011cat_xml_64.xml,1
2011cat_xml_65.xml,1
2011cat_xml_66.xml,1
2011cat_xml_67.xml,1
2011cat_xml_68.xml,1
2011cat_xml_69.xml,1
2011cat_xml_7.xml,1
2011cat_xml_70.xml,1
2011cat_xml_71.xml,1
2011cat_xml_72.xml,1
2011cat_xml_73.xml,1
2011cat_xml_74.xml,1
2011cat_xml_75.xml,1
2011cat_xml_76.xml,1
2011cat_xml_77.xml,1
2011cat_xml_78.xml,1
2011cat_xml_79.xml,1
2011cat_xml_8.xml,1
2011cat_xml_80.xml,1
2011cat_xml_81.xml,1
2011cat_xml_82.xml,1
2011cat_xml_83.xml,1
2011cat_xml_84.xml,1
2011cat_xml_85.xml,1
2011cat_xml_86.xml,1
2011cat_xml_87.xml,1
2011cat_xml_88.xml,1
2011cat_xml_89.xml,1
2011cat_xml_9.xml,1
2011cat_xml_90.xml,1
2011cat_xml_91.xml,1
2011cat_xml_92.xml,1
2011cat_xml_93.xml,1
2011cat_xml_94.xml,1
2011cat_xml_95.xml,1
2011cat_xml_96.xml,1
2011cat_xml_97.xml,1
2011cat_xml_98.xml,1
2011cat_xml_99.xml,1
2012cat_xml_1.xml,1
2012cat_xml_10.xml,1
2012cat_xml_100.xml,1
2012cat_xml_101.xml,1
2012cat_xml_102.xml,1
2012cat_xml_103.xml,1
2012cat_xml_104.xml,1
2012cat_xml_105.xml,1
2012cat_xml_106.xml,1
2012cat_xml_107.xml,1
2012cat_xml_108.xml,1
2012cat_xml_109.xml,1
2012cat_xml_11.xml,1
2012cat_xml_110.xml,1
2012cat_xml_111.xml,1
2012cat_xml_112.xml,1
2012cat_xml_113.xml,1
2012cat_xml_114.xml,1
2012cat_xml_115.xml,1
2012cat_xml_116.xml,1
2012cat_xml_117.xml,1
2012cat_xml_118.xml,1
2012cat_xml_119.xml,1
2012cat_xml_12.xml,1
2012cat_xml_120.xml,1
2012cat_xml_121.xml,1
2012cat_xml_122.xml,1
2012cat_xml_123.xml,1
2012cat_xml_124.xml,1
2012cat_xml_125.xml,1
2012cat_xml_126.xml,1
2012cat_xml_127.xml,1
2012cat_xml_128.xml,1
2012cat_xml_129.xml,1
2012cat_xml_13.xml,1
2012cat_xml_130.xml,1
2012cat_xml_131.xml,1
2012cat_xml_132.xml,1
2012cat_xml_133.xml,1
2012cat_xml_134.xml,1
2012cat_xml_135.xml,1
2012cat_xml_136.xml,1
2012cat_xml_137.xml,1
2012cat_xml_138.xml,1
2012cat_xml_139.xml,1
2012cat_xml_14.xml,1
2012cat_xml_140.xml,1
2012cat_xml_141.xml,1
2012cat_xml_142.xml,1
2012cat_xml_143.xml,1
2012cat_xml_144.xml,1
2012cat_xml_145.xml,1
2012cat_xml_146.xml,1
2012cat_xml_147.xml,1
2012cat_xml_148.xml,1
2012cat_xml_149.xml,1
2012cat_xml_15.xml,1
2012cat_xml_150.xml,1
2012cat_xml_151.xml,1
2012cat_xml_152.xml,1
2012cat_xml_153.xml,1
2012cat_xml_154.xml,1
2012cat_xml_155.xml,1
2012cat_xml_156.xml,1
2012cat_xml_157.xml,1
2012cat_xml_158.xml,1
2012cat_xml_159.xml,1
2012cat_xml_16.xml,1
2012cat_xml_160.xml,1
2012cat_xml_161.xml,1
2012cat_xml_162.xml,1
2012cat_xml_163.xml,1
2012cat_xml_164.xml,1
2012cat_xml_165.xml,1
2012cat_xml_166.xml,1
2012cat_xml_167.xml,1
2012cat_xml_168.xml,1
2012cat_xml_169.xml,1
2012cat_xml_17.xml,1
2012cat_xml_170.xml,1
2012cat_xml_171.xml,1
2012cat_xml_172.xml,1
2012cat_xml_173.xml,1
2012cat_xml_174.xml,1
2012cat_xml_175.xml,1
2012cat_xml_176.xml,1
2012cat_xml_177.xml,1
2012cat_xml_178.xml,1
2012cat_xml_179.xml,1
2012cat_xml_18.xml,1
2012cat_xml_180.xml,1
2012cat_xml_181.xml,1
2012cat_xml_182.xml,1
2012cat_xml_183.xml,1
2012cat_xml_184.xml,1
2012cat_xml_185.xml,1
2012cat_xml_186.xml,1
2012cat_xml_187.xml,1
2012cat_xml_188.xml,1
2012cat_xml_189.xml,1
2012cat_xml_19.xml,1
2012cat_xml_190.xml,1
2012cat_xml_191.xml,1
2012cat_xml_192.xml,1
2012cat_xml_193.xml,1
2012cat_xml_194.xml,1
2012cat_xml_195.xml,1
2012cat_xml_196.xml,1
2012cat_xml_197.xml,1
2012cat_xml_198.xml,1
2012cat_xml_199.xml,1
2012cat_xml_2.xml,1
2012cat_xml_20.xml,1
2012cat_xml_200.xml,1
2012cat_xml_201.xml,1
2012cat_xml_202.xml,1
2012cat_xml_203.xml,1
2012cat_xml_204.xml,1
2012cat_xml_205.xml,1
2012cat_xml_206.xml,1
2012cat_xml_207.xml,1
2012cat_xml_208.xml,1
2012cat_xml_209.xml,1
2012cat_xml_21.xml,1
2012cat_xml_210.xml,1
2012cat_xml_211.xml,1
2012cat_xml_212.xml,1
2012cat_xml_213.xml,1
2012cat_xml_214.xml,1
2012cat_xml_215.xml,1
2012cat_xml_216.xml,1
2012cat_xml_217.xml,1
2012cat_xml_218.xml,1
2012cat_xml_219.xml,1
2012cat_xml_22.xml,1
2012cat_xml_220.xml,1
2012cat_xml_221.xml,1
2012cat_xml_222.xml,1
2012cat_xml_223.xml,1
2012cat_xml_224.xml,1
2012cat_xml_225.xml,1
2012cat_xml_226.xml,1
2012cat_xml_227.xml,1
2012cat_xml_228.xml,1
2012cat_xml_229.xml,1
2012cat_xml_23.xml,1
2012cat_xml_230.xml,1
2012cat_xml_231.xml,1
2012cat_xml_232.xml,1
2012cat_xml_233.xml,1
2012cat_xml_234.xml,1
2012cat_xml_235.xml,1
2012cat_xml_236.xml,1
2012cat_xml_237.xml,1
2012cat_xml_238.xml,1
2012cat_xml_239.xml,1
2012cat_xml_24.xml,1
2012cat_xml_240.xml,1
2012cat_xml_241.xml,1
2012cat_xml_242.xml,1
2012cat_xml_243.xml,1
2012cat_xml_244.xml,1
2012cat_xml_245.xml,1
2012cat_xml_246.xml,1
2012cat_xml_247.xml,1
2012cat_xml_248.xml,1
2012cat_xml_249.xml,1
2012cat_xml_25.xml,1
2012cat_xml_250.xml,1
2012cat_xml_251.xml,1
2012cat_xml_252.xml,1
2012cat_xml_253.xml,1
2012cat_xml_254.xml,1
2012cat_xml_255.xml,1
2012cat_xml_256.xml,1
2012cat_xml_257.xml,1
2012cat_xml_258.xml,1
2012cat_xml_259.xml,1
2012cat_xml_26.xml,1
2012cat_xml_260.xml,1
2012cat_xml_261.xml,1
2012cat_xml_262.xml,1
2012cat_xml_263.xml,1
2012cat_xml_264.xml,1
2012cat_xml_265.xml,1
2012cat_xml_266.xml,1
2012cat_xml_267.xml,1
2012cat_xml_268.xml,1
2012cat_xml_269.xml,1
2012cat_xml_27.xml,1
2012cat_xml_270.xml,1
2012cat_xml_271.xml,1
2012cat_xml_272.xml,1
2012cat_xml_273.xml,1
2012cat_xml_274.xml,1
2012cat_xml_275.xml,1
2012cat_xml_276.xml,1
2012cat_xml_277.xml,1
2012cat_xml_278.xml,1
2012cat_xml_28.xml,1
2012cat_xml_29.xml,1
2012cat_xml_3.xml,1
2012cat_xml_30.xml,1
2012cat_xml_31.xml,1
2012cat_xml_32.xml,1
2012cat_xml_33.xml,1
2012cat_xml_34.xml,1
2012cat_xml_35.xml,1
2012cat_xml_36.xml,1
2012cat_xml_37.xml,1
2012cat_xml_38.xml,1
2012cat_xml_39.xml,1
2012cat_xml_4.xml,1
2012cat_xml_40.xml,1
2012cat_xml_41.xml,1
2012cat_xml_42.xml,1
2012cat_xml_43.xml,1
2012cat_xml_44.xml,1
2012cat_xml_45.xml,1
2012cat_xml_46.xml,1
2012cat_xml_47.xml,1
2012cat_xml_48.xml,1
2012cat_xml_49.xml,1
2012cat_xml_5.xml,1
2012cat_xml_50.xml,1
2012cat_xml_51.xml,1
2012cat_xml_52.xml,1
2012cat_xml_53.xml,1
2012cat_xml_54.xml,1
2012cat_xml_55.xml,1
2012cat_xml_56.xml,1
2012cat_xml_57.xml,1
2012cat_xml_58.xml,1
2012cat_xml_59.xml,1
2012cat_xml_6.xml,1
2012cat_xml_60.xml,1
2012cat_xml_61.xml,1
2012cat_xml_62.xml,1
2012cat_xml_63.xml,1
2012cat_xml_64.xml,1
2012cat_xml_65.xml,1
2012cat_xml_66.xml,1
2012cat_xml_67.xml,1
2012cat_xml_68.xml,1
2012cat_xml_69.xml,1
2012cat_xml_7.xml,1
2012cat_xml_70.xml,1
2012cat_xml_71.xml,1
2012cat_xml_72.xml,1
2012cat_xml_73.xml,1
2012cat_xml_74.xml,1
2012cat_xml_75.xml,1
2012cat_xml_76.xml,1
2012cat_xml_77.xml,1
2012cat_xml_78.xml,1
2012cat_xml_79.xml,1
2012cat_xml_8.xml,1
2012cat_xml_80.xml,1
2012cat_xml_81.xml,1
2012cat_xml_82.xml,1
2012cat_xml_83.xml,1
2012cat_xml_84.xml,1
2012cat_xml_85.xml,1
2012cat_xml_86.xml,1
2012cat_xml_87.xml,1
2012cat_xml_88.xml,1
2012cat_xml_89.xml,1
2012cat_xml_9.xml,1
2012cat_xml_90.xml,1
2012cat_xml_91.xml,1
2012cat_xml_92.xml,1
2012cat_xml_93.xml,1
2012cat_xml_94.xml,1
2012cat_xml_95.xml,1
2012cat_xml_96.xml,1
2012cat_xml_97.xml,1
2012cat_xml_98.xml,1
2012cat_xml_99.xml,1
2013_4_2cat_xml_1.xml,1
2013_4_2cat_xml_10.xml,1
2013_4_2cat_xml_11.xml,1
2013_4_2cat_xml_12.xml,1
2013_4_2cat_xml_13.xml,1
2013_4_2cat_xml_2.xml,1
2013_4_2cat_xml_3.xml,1
2013_4_2cat_xml_4.xml,1
2013_4_2cat_xml_5.xml,1
2013_4_2cat_xml_6.xml,1
2013_4_2cat_xml_7.xml,1
2013_4_2cat_xml_8.xml,1
2013_4_2cat_xml_9.xml,1
2013_4_3cat_xml_1.xml,1
2013_4_3cat_xml_10.xml,1
2013_4_3cat_xml_100.xml,1
2013_4_3cat_xml_101.xml,1
2013_4_3cat_xml_102.xml,1
2013_4_3cat_xml_103.xml,1
2013_4_3cat_xml_104.xml,1
2013_4_3cat_xml_105.xml,1
2013_4_3cat_xml_106.xml,1
2013_4_3cat_xml_107.xml,1
2013_4_3cat_xml_108.xml,1
2013_4_3cat_xml_109.xml,1
2013_4_3cat_xml_11.xml,1
2013_4_3cat_xml_110.xml,1
2013_4_3cat_xml_111.xml,1
2013_4_3cat_xml_112.xml,1
2013_4_3cat_xml_113.xml,1
2013_4_3cat_xml_114.xml,1
2013_4_3cat_xml_115.xml,1
2013_4_3cat_xml_116.xml,1
2013_4_3cat_xml_117.xml,1
2013_4_3cat_xml_118.xml,1
2013_4_3cat_xml_119.xml,1
2013_4_3cat_xml_12.xml,1
2013_4_3cat_xml_120.xml,1
2013_4_3cat_xml_121.xml,1
2013_4_3cat_xml_122.xml,1
2013_4_3cat_xml_123.xml,1
2013_4_3cat_xml_124.xml,1
2013_4_3cat_xml_125.xml,1
2013_4_3cat_xml_126.xml,1
2013_4_3cat_xml_127.xml,1
2013_4_3cat_xml_128.xml,1
2013_4_3cat_xml_129.xml,1
2013_4_3cat_xml_13.xml,1
2013_4_3cat_xml_130.xml,1
2013_4_3cat_xml_131.xml,1
2013_4_3cat_xml_132.xml,1
2013_4_3cat_xml_133.xml,1
2013_4_3cat_xml_134.xml,1
2013_4_3cat_xml_135.xml,1
2013_4_3cat_xml_136.xml,1
2013_4_3cat_xml_137.xml,1
2013_4_3cat_xml_138.xml,1
2013_4_3cat_xml_139.xml,1
2013_4_3cat_xml_14.xml,1
2013_4_3cat_xml_140.xml,1
2013_4_3cat_xml_141.xml,1
2013_4_3cat_xml_142.xml,1
2013_4_3cat_xml_143.xml,1
2013_4_3cat_xml_144.xml,1
2013_4_3cat_xml_145.xml,1
2013_4_3cat_xml_146.xml,1
2013_4_3cat_xml_147.xml,1
2013_4_3cat_xml_148.xml,1
2013_4_3cat_xml_149.xml,1
2013_4_3cat_xml_15.xml,1
2013_4_3cat_xml_150.xml,1
2013_4_3cat_xml_151.xml,1
2013_4_3cat_xml_152.xml,1
2013_4_3cat_xml_153.xml,1
2013_4_3cat_xml_154.xml,1
2013_4_3cat_xml_155.xml,1
2013_4_3cat_xml_156.xml,1
2013_4_3cat_xml_157.xml,1
2013_4_3cat_xml_158.xml,1
2013_4_3cat_xml_159.xml,1
2013_4_3cat_xml_16.xml,1
2013_4_3cat_xml_160.xml,1
2013_4_3cat_xml_161.xml,1
2013_4_3cat_xml_162.xml,1
2013_4_3cat_xml_163.xml,1
2013_4_3cat_xml_164.xml,1
2013_4_3cat_xml_165.xml,1
2013_4_3cat_xml_166.xml,1
2013_4_3cat_xml_167.xml,1
2013_4_3cat_xml_168.xml,1
2013_4_3cat_xml_169.xml,1
2013_4_3cat_xml_17.xml,1
2013_4_3cat_xml_170.xml,1
2013_4_3cat_xml_171.xml,1
2013_4_3cat_xml_172.xml,1
2013_4_3cat_xml_173.xml,1
2013_4_3cat_xml_174.xml,1
2013_4_3cat_xml_175.xml,1
2013_4_3cat_xml_176.xml,1
2013_4_3cat_xml_177.xml,1
2013_4_3cat_xml_178.xml,1
2013_4_3cat_xml_179.xml,1
2013_4_3cat_xml_18.xml,1
2013_4_3cat_xml_180.xml,1
2013_4_3cat_xml_181.xml,1
2013_4_3cat_xml_182.xml,1
2013_4_3cat_xml_183.xml,1
2013_4_3cat_xml_184.xml,1
2013_4_3cat_xml_185.xml,1
2013_4_3cat_xml_186.xml,1
2013_4_3cat_xml_187.xml,1
2013_4_3cat_xml_188.xml,1
2013_4_3cat_xml_189.xml,1
2013_4_3cat_xml_19.xml,1
2013_4_3cat_xml_190.xml,1
2013_4_3cat_xml_191.xml,1
2013_4_3cat_xml_192.xml,1
2013_4_3cat_xml_193.xml,1
2013_4_3cat_xml_194.xml,1
2013_4_3cat_xml_195.xml,1
2013_4_3cat_xml_196.xml,1
2013_4_3cat_xml_197.xml,1
2013_4_3cat_xml_198.xml,1
2013_4_3cat_xml_199.xml,1
2013_4_3cat_xml_2.xml,1
2013_4_3cat_xml_20.xml,1
2013_4_3cat_xml_200.xml,1
2013_4_3cat_xml_201.xml,1
2013_4_3cat_xml_202.xml,1
2013_4_3cat_xml_203.xml,1
2013_4_3cat_xml_204.xml,1
2013_4_3cat_xml_205.xml,1
2013_4_3cat_xml_206.xml,1
2013_4_3cat_xml_207.xml,1
2013_4_3cat_xml_208.xml,1
2013_4_3cat_xml_209.xml,1
2013_4_3cat_xml_21.xml,1
2013_4_3cat_xml_210.xml,1
2013_4_3cat_xml_211.xml,1
2013_4_3cat_xml_212.xml,1
2013_4_3cat_xml_213.xml,1
2013_4_3cat_xml_214.xml,1
2013_4_3cat_xml_22.xml,1
2013_4_3cat_xml_23.xml,1
2013_4_3cat_xml_24.xml,1
2013_4_3cat_xml_25.xml,1
2013_4_3cat_xml_26.xml,1
2013_4_3cat_xml_27.xml,1
2013_4_3cat_xml_28.xml,1
2013_4_3cat_xml_29.xml,1
2013_4_3cat_xml_3.xml,1
2013_4_3cat_xml_30.xml,1
2013_4_3cat_xml_31.xml,1
2013_4_3cat_xml_32.xml,1
2013_4_3cat_xml_33.xml,1
2013_4_3cat_xml_34.xml,1
2013_4_3cat_xml_35.xml,1
2013_4_3cat_xml_36.xml,1
2013_4_3cat_xml_37.xml,1
2013_4_3cat_xml_38.xml,1
2013_4_3cat_xml_39.xml,1
2013_4_3cat_xml_4.xml,1
2013_4_3cat_xml_40.xml,1
2013_4_3cat_xml_41.xml,1
2013_4_3cat_xml_42.xml,1
2013_4_3cat_xml_43.xml,1
2013_4_3cat_xml_44.xml,1
2013_4_3cat_xml_45.xml,1
2013_4_3cat_xml_46.xml,1
2013_4_3cat_xml_47.xml,1
2013_4_3cat_xml_48.xml,1
2013_4_3cat_xml_49.xml,1
2013_4_3cat_xml_5.xml,1
2013_4_3cat_xml_50.xml,1
2013_4_3cat_xml_51.xml,1
2013_4_3cat_xml_52.xml,1
2013_4_3cat_xml_53.xml,1
2013_4_3cat_xml_54.xml,1
2013_4_3cat_xml_55.xml,1
2013_4_3cat_xml_56.xml,1
2013_4_3cat_xml_57.xml,1
2013_4_3cat_xml_58.xml,1
2013_4_3cat_xml_59.xml,1
2013_4_3cat_xml_6.xml,1
2013_4_3cat_xml_60.xml,1
2013_4_3cat_xml_61.xml,1
2013_4_3cat_xml_62.xml,1
2013_4_3cat_xml_63.xml,1
2013_4_3cat_xml_64.xml,1
2013_4_3cat_xml_65.xml,1
2013_4_3cat_xml_66.xml,1
2013_4_3cat_xml_67.xml,1
2013_4_3cat_xml_68.xml,1
2013_4_3cat_xml_69.xml,1
2013_4_3cat_xml_7.xml,1
2013_4_3cat_xml_70.xml,1
2013_4_3cat_xml_71.xml,1
2013_4_3cat_xml_72.xml,1
2013_4_3cat_xml_73.xml,1
2013_4_3cat_xml_74.xml,1
2013_4_3cat_xml_75.xml,1
2013_4_3cat_xml_76.xml,1
2013_4_3cat_xml_77.xml,1
2013_4_3cat_xml_78.xml,1
2013_4_3cat_xml_79.xml,1
2013_4_3cat_xml_8.xml,1
2013_4_3cat_xml_80.xml,1
2013_4_3cat_xml_81.xml,1
2013_4_3cat_xml_82.xml,1
2013_4_3cat_xml_83.xml,1
2013_4_3cat_xml_84.xml,1
2013_4_3cat_xml_85.xml,1
2013_4_3cat_xml_86.xml,1
2013_4_3cat_xml_87.xml,1
2013_4_3cat_xml_88.xml,1
2013_4_3cat_xml_89.xml,1
2013_4_3cat_xml_9.xml,1
2013_4_3cat_xml_90.xml,1
2013_4_3cat_xml_91.xml,1
2013_4_3cat_xml_92.xml,1
2013_4_3cat_xml_93.xml,1
2013_4_3cat_xml_94.xml,1
2013_4_3cat_xml_95.xml,1
2013_4_3cat_xml_96.xml,1
2013_4_3cat_xml_97.xml,1
2013_4_3cat_xml_98.xml,1
2013_4_3cat_xml_99.xml,1
2013_4_4cat_xml_1.xml,1
2013_4_4cat_xml_10.xml,1
2013_4_4cat_xml_11.xml,1
2013_4_4cat_xml_12.xml,1
2013_4_4cat_xml_13.xml,1
2013_4_4cat_xml_14.xml,1
2013_4_4cat_xml_15.xml,1
2013_4_4cat_xml_16.xml,1
2013_4_4cat_xml_17.xml,1
2013_4_4cat_xml_18.xml,1
2013_4_4cat_xml_19.xml,1
2013_4_4cat_xml_2.xml,1
2013_4_4cat_xml_20.xml,1
2013_4_4cat_xml_21.xml,1
2013_4_4cat_xml_22.xml,1
2013_4_4cat_xml_23.xml,1
2013_4_4cat_xml_24.xml,1
2013_4_4cat_xml_25.xml,1
2013_4_4cat_xml_26.xml,1
2013_4_4cat_xml_27.xml,1
2013_4_4cat_xml_28.xml,1
2013_4_4cat_xml_29.xml,1
2013_4_4cat_xml_3.xml,1
2013_4_4cat_xml_30.xml,1
2013_4_4cat_xml_31.xml,1
2013_4_4cat_xml_32.xml,1
2013_4_4cat_xml_33.xml,1
2013_4_4cat_xml_34.xml,1
2013_4_4cat_xml_35.xml,1
2013_4_4cat_xml_36.xml,1
2013_4_4cat_xml_37.xml,1
2013_4_4cat_xml_38.xml,1
2013_4_4cat_xml_39.xml,1
2013_4_4cat_xml_4.xml,1
2013_4_4cat_xml_40.xml,1
2013_4_4cat_xml_41.xml,1
2013_4_4cat_xml_42.xml,1
2013_4_4cat_xml_43.xml,1
2013_4_4cat_xml_44.xml,1
2013_4_4cat_xml_45.xml,1
2013_4_4cat_xml_46.xml,1
2013_4_4cat_xml_47.xml,1
2013_4_4cat_xml_48.xml,1
2013_4_4cat_xml_49.xml,1
2013_4_4cat_xml_5.xml,1
2013_4_4cat_xml_50.xml,1
2013_4_4cat_xml_51.xml,1
2013_4_4cat_xml_52.xml,1
2013_4_4cat_xml_53.xml,1
2013_4_4cat_xml_54.xml,1
2013_4_4cat_xml_55.xml,1
2013_4_4cat_xml_56.xml,1
2013_4_4cat_xml_57.xml,1
2013_4_4cat_xml_58.xml,1
2013_4_4cat_xml_59.xml,1
2013_4_4cat_xml_6.xml,1
2013_4_4cat_xml_60.xml,1
2013_4_4cat_xml_61.xml,1
2013_4_4cat_xml_62.xml,1
2013_4_4cat_xml_63.xml,1
2013_4_4cat_xml_64.xml,1
2013_4_4cat_xml_65.xml,1
2013_4_4cat_xml_66.xml,1
2013_4_4cat_xml_67.xml,1
2013_4_4cat_xml_68.xml,1
2013_4_4cat_xml_69.xml,1
2013_4_4cat_xml_7.xml,1
2013_4_4cat_xml_70.xml,1
2013_4_4cat_xml_71.xml,1
2013_4_4cat_xml_72.xml,1
2013_4_4cat_xml_73.xml,1
2013_4_4cat_xml_74.xml,1
2013_4_4cat_xml_75.xml,1
2013_4_4cat_xml_76.xml,1
2013_4_4cat_xml_77.xml,1
2013_4_4cat_xml_78.xml,1
2013_4_4cat_xml_8.xml,1
2013_4_4cat_xml_9.xml,1
2014cat_xml_1.xml,1
2014cat_xml_10.xml,1
2014cat_xml_100.xml,1
2014cat_xml_101.xml,1
2014cat_xml_102.xml,1
2014cat_xml_103.xml,1
2014cat_xml_104.xml,1
2014cat_xml_105.xml,1
2014cat_xml_106.xml,1
2014cat_xml_107.xml,1
2014cat_xml_108.xml,1
2014cat_xml_109.xml,1
2014cat_xml_11.xml,1
2014cat_xml_110.xml,1
2014cat_xml_111.xml,1
2014cat_xml_112.xml,1
2014cat_xml_113.xml,1
2014cat_xml_114.xml,1
2014cat_xml_115.xml,1
2014cat_xml_116.xml,1
2014cat_xml_117.xml,1
2014cat_xml_118.xml,1
2014cat_xml_119.xml,1
2014cat_xml_12.xml,1
2014cat_xml_120.xml,1
2014cat_xml_121.xml,1
2014cat_xml_122.xml,1
2014cat_xml_123.xml,1
2014cat_xml_124.xml,1
2014cat_xml_125.xml,1
2014cat_xml_126.xml,1
2014cat_xml_127.xml,1
2014cat_xml_128.xml,1
2014cat_xml_129.xml,1
2014cat_xml_13.xml,1
2014cat_xml_130.xml,1
2014cat_xml_131.xml,1
2014cat_xml_132.xml,1
2014cat_xml_133.xml,1
2014cat_xml_134.xml,1
2014cat_xml_135.xml,1
2014cat_xml_136.xml,1
2014cat_xml_137.xml,1
2014cat_xml_138.xml,1
2014cat_xml_139.xml,1
2014cat_xml_14.xml,1
2014cat_xml_140.xml,1
2014cat_xml_141.xml,1
2014cat_xml_142.xml,1
2014cat_xml_143.xml,1
2014cat_xml_144.xml,1
2014cat_xml_145.xml,1
2014cat_xml_146.xml,1
2014cat_xml_147.xml,1
2014cat_xml_148.xml,1
2014cat_xml_149.xml,1
2014cat_xml_15.xml,1
2014cat_xml_150.xml,1
2014cat_xml_151.xml,1
2014cat_xml_152.xml,1
2014cat_xml_153.xml,1
2014cat_xml_154.xml,1
2014cat_xml_155.xml,1
2014cat_xml_156.xml,1
2014cat_xml_157.xml,1
2014cat_xml_158.xml,1
2014cat_xml_159.xml,1
2014cat_xml_16.xml,1
2014cat_xml_160.xml,1
2014cat_xml_161.xml,1
2014cat_xml_162.xml,1
2014cat_xml_163.xml,1
2014cat_xml_164.xml,1
2014cat_xml_165.xml,1
2014cat_xml_166.xml,1
2014cat_xml_167.xml,1
2014cat_xml_168.xml,1
2014cat_xml_169.xml,1
2014cat_xml_17.xml,1
2014cat_xml_170.xml,1
2014cat_xml_171.xml,1
2014cat_xml_172.xml,1
2014cat_xml_173.xml,1
2014cat_xml_174.xml,1
2014cat_xml_175.xml,1
2014cat_xml_176.xml,1
2014cat_xml_177.xml,1
2014cat_xml_178.xml,1
2014cat_xml_179.xml,1
2014cat_xml_18.xml,1
2014cat_xml_180.xml,1
2014cat_xml_181.xml,1
2014cat_xml_182.xml,1
2014cat_xml_183.xml,1
2014cat_xml_184.xml,1
2014cat_xml_185.xml,1
2014cat_xml_186.xml,1
2014cat_xml_187.xml,1
2014cat_xml_188.xml,1
2014cat_xml_189.xml,1
2014cat_xml_19.xml,1
2014cat_xml_190.xml,1
2014cat_xml_191.xml,1
2014cat_xml_192.xml,1
2014cat_xml_193.xml,1
2014cat_xml_194.xml,1
2014cat_xml_195.xml,1
2014cat_xml_196.xml,1
2014cat_xml_197.xml,1
2014cat_xml_198.xml,1
2014cat_xml_199.xml,1
2014cat_xml_2.xml,1
2014cat_xml_20.xml,1
2014cat_xml_200.xml,1
2014cat_xml_201.xml,1
2014cat_xml_202.xml,1
2014cat_xml_203.xml,1
2014cat_xml_204.xml,1
2014cat_xml_205.xml,1
2014cat_xml_206.xml,1
2014cat_xml_207.xml,1
2014cat_xml_208.xml,1
2014cat_xml_209.xml,1
2014cat_xml_21.xml,1
2014cat_xml_210.xml,1
2014cat_xml_211.xml,1
2014cat_xml_212.xml,1
2014cat_xml_213.xml,1
2014cat_xml_214.xml,1
2014cat_xml_215.xml,1
2014cat_xml_216.xml,1
2014cat_xml_217.xml,1
2014cat_xml_218.xml,1
2014cat_xml_219.xml,1
2014cat_xml_22.xml,1
2014cat_xml_220.xml,1
2014cat_xml_221.xml,1
2014cat_xml_222.xml,1
2014cat_xml_223.xml,1
2014cat_xml_224.xml,1
2014cat_xml_225.xml,1
2014cat_xml_226.xml,1
2014cat_xml_227.xml,1
2014cat_xml_228.xml,1
2014cat_xml_229.xml,1
2014cat_xml_23.xml,1
2014cat_xml_230.xml,1
2014cat_xml_231.xml,1
2014cat_xml_232.xml,1
2014cat_xml_233.xml,1
2014cat_xml_234.xml,1
2014cat_xml_235.xml,1
2014cat_xml_236.xml,1
2014cat_xml_237.xml,1
2014cat_xml_238.xml,1
2014cat_xml_239.xml,1
2014cat_xml_24.xml,1
2014cat_xml_240.xml,1
2014cat_xml_241.xml,1
2014cat_xml_242.xml,1
2014cat_xml_243.xml,1
2014cat_xml_244.xml,1
2014cat_xml_245.xml,1
2014cat_xml_246.xml,1
2014cat_xml_247.xml,1
2014cat_xml_248.xml,1
2014cat_xml_249.xml,1
2014cat_xml_25.xml,1
2014cat_xml_250.xml,1
2014cat_xml_251.xml,1
2014cat_xml_252.xml,1
2014cat_xml_253.xml,1
2014cat_xml_254.xml,1
2014cat_xml_255.xml,1
2014cat_xml_256.xml,1
2014cat_xml_257.xml,1
2014cat_xml_258.xml,1
2014cat_xml_259.xml,1
2014cat_xml_26.xml,1
2014cat_xml_260.xml,1
2014cat_xml_261.xml,1
2014cat_xml_262.xml,1
2014cat_xml_263.xml,1
2014cat_xml_264.xml,1
2014cat_xml_265.xml,1
2014cat_xml_266.xml,1
2014cat_xml_267.xml,1
2014cat_xml_268.xml,1
2014cat_xml_269.xml,1
2014cat_xml_27.xml,1
2014cat_xml_270.xml,1
2014cat_xml_271.xml,1
2014cat_xml_272.xml,1
2014cat_xml_273.xml,1
2014cat_xml_274.xml,1
2014cat_xml_275.xml,1
2014cat_xml_276.xml,1
2014cat_xml_277.xml,1
2014cat_xml_278.xml,1
2014cat_xml_279.xml,1
2014cat_xml_28.xml,1
2014cat_xml_280.xml,1
2014cat_xml_281.xml,1
2014cat_xml_282.xml,1
2014cat_xml_283.xml,1
2014cat_xml_284.xml,1
2014cat_xml_285.xml,1
2014cat_xml_286.xml,1
2014cat_xml_287.xml,1
2014cat_xml_288.xml,1
2014cat_xml_289.xml,1
2014cat_xml_29.xml,1
2014cat_xml_290.xml,1
2014cat_xml_291.xml,1
2014cat_xml_292.xml,1
2014cat_xml_293.xml,1
2014cat_xml_294.xml,1
2014cat_xml_295.xml,1
2014cat_xml_296.xml,1
2014cat_xml_297.xml,1
2014cat_xml_298.xml,1
2014cat_xml_299.xml,1
2014cat_xml_3.xml,1
2014cat_xml_30.xml,1
2014cat_xml_300.xml,1
2014cat_xml_301.xml,1
2014cat_xml_302.xml,1
2014cat_xml_303.xml,1
2014cat_xml_304.xml,1
2014cat_xml_305.xml,1
2014cat_xml_306.xml,1
2014cat_xml_307.xml,1
2014cat_xml_308.xml,1
2014cat_xml_309.xml,1
2014cat_xml_31.xml,1
2014cat_xml_310.xml,1
2014cat_xml_311.xml,1
2014cat_xml_312.xml,1
2014cat_xml_313.xml,1
2014cat_xml_314.xml,1
2014cat_xml_315.xml,1
2014cat_xml_316.xml,1
2014cat_xml_317.xml,1
2014cat_xml_318.xml,1
2014cat_xml_319.xml,1
2014cat_xml_32.xml,1
2014cat_xml_320.xml,1
2014cat_xml_321.xml,1
2014cat_xml_322.xml,1
2014cat_xml_323.xml,1
2014cat_xml_324.xml,1
2014cat_xml_325.xml,1
2014cat_xml_326.xml,1
2014cat_xml_327.xml,1
2014cat_xml_328.xml,1
2014cat_xml_33.xml,1
2014cat_xml_34.xml,1
2014cat_xml_35.xml,1
2014cat_xml_36.xml,1
2014cat_xml_37.xml,1
2014cat_xml_38.xml,1
2014cat_xml_39.xml,1
2014cat_xml_4.xml,1
2014cat_xml_40.xml,1
2014cat_xml_41.xml,1
2014cat_xml_42.xml,1
2014cat_xml_43.xml,1
2014cat_xml_44.xml,1
2014cat_xml_45.xml,1
2014cat_xml_46.xml,1
2014cat_xml_47.xml,1
2014cat_xml_48.xml,1
2014cat_xml_49.xml,1
2014cat_xml_5.xml,1
2014cat_xml_50.xml,1
2014cat_xml_51.xml,1
2014cat_xml_52.xml,1
2014cat_xml_53.xml,1
2014cat_xml_54.xml,1
2014cat_xml_55.xml,1
2014cat_xml_56.xml,1
2014cat_xml_57.xml,1
2014cat_xml_58.xml,1
2014cat_xml_59.xml,1
2014cat_xml_6.xml,1
2014cat_xml_60.xml,1
2014cat_xml_61.xml,1
2014cat_xml_62.xml,1
2014cat_xml_63.xml,1
2014cat_xml_64.xml,1
2014cat_xml_65.xml,1
2014cat_xml_66.xml,1
2014cat_xml_67.xml,1
2014cat_xml_68.xml,1
2014cat_xml_69.xml,1
2014cat_xml_7.xml,1
2014cat_xml_70.xml,1
2014cat_xml_71.xml,1
2014cat_xml_72.xml,1
2014cat_xml_73.xml,1
2014cat_xml_74.xml,1
2014cat_xml_75.xml,1
2014cat_xml_76.xml,1
2014cat_xml_77.xml,1
2014cat_xml_78.xml,1
2014cat_xml_79.xml,1
2014cat_xml_8.xml,1
2014cat_xml_80.xml,1
2014cat_xml_81.xml,1
2014cat_xml_82.xml,1
2014cat_xml_83.xml,1
2014cat_xml_84.xml,1
2014cat_xml_85.xml,1
2014cat_xml_86.xml,1
2014cat_xml_87.xml,1
2014cat_xml_88.xml,1
2014cat_xml_89.xml,1
2014cat_xml_9.xml,1
2014cat_xml_90.xml,1
2014cat_xml_91.xml,1
2014cat_xml_92.xml,1
2014cat_xml_93.xml,1
2014cat_xml_94.xml,1
2014cat_xml_95.xml,1
2014cat_xml_96.xml,1
2014cat_xml_97.xml,1
2014cat_xml_98.xml,1
2014cat_xml_99.xml,1
ipgb20150106_1.xml,1
ipgb20150106_2.xml,1
ipgb20150106_3.xml,1
ipgb20150106_4.xml,1
ipgb20150106_5.xml,1
ipgb20150106_6.xml,1
ipgb20150106_7.xml,1
ipgb20150113_1.xml,1
ipgb20150113_2.xml,1
ipgb20150113_3.xml,1
ipgb20150113_4.xml,1
ipgb20150113_5.xml,1
ipgb20150113_6 - Copy.xml,1
ipgb20150113_6.xml,1
ipgb20150120_1.xml,1
ipgb20150120_2.xml,1
ipgb20150120_3.xml,1
ipgb20150120_4.xml,1
ipgb20150127_1.xml,1
ipgb20150127_2.xml,1
ipgb20150127_3.xml,1
ipgb20150127_4.xml,1
ipgb20150127_5.xml,1
ipgb20150127_6.xml,1
ipgb20150203_1.xml,1
ipgb20150203_2.xml,1
ipgb20150203_3.xml,1
ipgb20150203_4.xml,1
ipgb20150203_5.xml,1
ipgb20150203_6.xml,1
ipgb20150203_7.xml,1
ipgb20150210_1.xml,1
ipgb20150210_2.xml,1
ipgb20150210_3.xml,1
ipgb20150210_4.xml,1
ipgb20150210_5.xml,1
ipgb20150210_6.xml,1
ipgb20150217_1.xml,1
ipgb20150217_2.xml,1
ipgb20150217_3.xml,1
ipgb20150217_4.xml,1
ipgb20150217_5.xml,1
ipgb20150224_1.xml,1
ipgb20150224_2.xml,1
ipgb20150224_3.xml,1
ipgb20150224_4.xml,1
ipgb20150224_5.xml,1
ipgb20150224_6.xml,1
ipgb20150224_7.xml,1
ipgb20150224_8.xml,1
ipgb20150303_1.xml,1
ipgb20150303_2.xml,1
ipgb20150303_3.xml,1
ipgb20150303_4.xml,1
ipgb20150303_5.xml,1
ipgb20150303_6.xml,1
ipgb20150303_7.xml,1
ipgb20150303_8.xml,1
ipgb20150310_1.xml,1
ipgb20150310_2.xml,1
ipgb20150310_3.xml,1
ipgb20150310_4.xml,1
ipgb20150310_5.xml,1
ipgb20150310_6.xml,1
ipgb20150317_1.xml,1
ipgb20150317_2.xml,1
ipgb20150317_3.xml,1
ipgb20150317_4.xml,1
ipgb20150317_5.xml,1
ipgb20150317_6.xml,1
ipgb20150317_7.xml,1
ipgb20150317_8.xml,1
ipgb20150324_1.xml,1
ipgb20150324_2.xml,1
ipgb20150324_3.xml,1
ipgb20150324_4.xml,1
ipgb20150324_5.xml,1
ipgb20150324_6.xml,1
ipgb20150324_7.xml,1
ipgb20150331_1.xml,1
ipgb20150331_2.xml,1
ipgb20150331_3.xml,1
ipgb20150331_4.xml,1
ipgb20150331_5.xml,1
ipgb20150331_6.xml,1
ipgb20150331_7.xml,1
ipgb20150407_1.xml,1
ipgb20150407_2.xml,1
ipgb20150407_3.xml,1
ipgb20150407_4.xml,1
ipgb20150407_5.xml,1
ipgb20150407_6.xml,1
ipgb20150407_7.xml,1
ipgb20150414_1.xml,1
ipgb20150414_2.xml,1
ipgb20150414_3.xml,1
ipgb20150414_4.xml,1
ipgb20150414_5.xml,1
ipgb20150414_6.xml,1
ipgb20150414_7.xml,1
ipgb20150421_1.xml,1
ipgb20150421_2.xml,1
ipgb20150421_3.xml,1
ipgb20150421_4.xml,1
ipgb20150421_5.xml,1
ipgb20150421_6.xml,1
ipgb20150421_7.xml,1
ipgb20150428_1.xml,1
ipgb20150428_2.xml,1
ipgb20150428_3.xml,1
ipgb20150428_4.xml,1
ipgb20150428_5.xml,1
ipgb20150428_6.xml,1
ipgb20150428_7.xml,1
ipgb20150505_1.xml,1
ipgb20150505_2.xml,1
ipgb20150505_3.xml,1
ipgb20150505_4.xml,1
ipgb20150505_5.xml,1
ipgb20150505_6.xml,1
ipgb20150505_7.xml,1
ipgb20150512_1.xml,1
ipgb20150512_2.xml,1
ipgb20150512_3.xml,1
ipgb20150512_4.xml,1
ipgb20150512_5.xml,1
ipgb20150512_6.xml,1
ipgb20150519_1.xml,1
ipgb20150519_2.xml,1
ipgb20150519_3.xml,1
ipgb20150519_4.xml,1
ipgb20150519_5.xml,1
ipgb20150519_6.xml,1
ipgb20150519_7.xml,1
ipgb20150526_1.xml,1
ipgb20150526_2.xml,1
ipgb20150526_3.xml,1
ipgb20150526_4.xml,1
ipgb20150526_5.xml,1
ipgb20150526_6.xml,1
ipgb20150526_7.xml,1
ipgb20150602_1.xml,1
ipgb20150602_2.xml,1
ipgb20150602_3.xml,1
ipgb20150602_4.xml,1
ipgb20150602_5.xml,1
ipgb20150602_6.xml,1
ipgb20150602_7.xml,1
ipgb20150609_1.xml,1
ipgb20150609_2.xml,1
ipgb20150609_3.xml,1
ipgb20150609_4.xml,1
ipgb20150609_5.xml,1
ipgb20150609_6.xml,1
ipgb20150609_7.xml,1
ipgb20150616_1.xml,1
ipgb20150616_2.xml,1
ipgb20150616_3.xml,1
ipgb20150616_4.xml,1
ipgb20150616_5.xml,1
ipgb20150616_6.xml,1
ipgb20150623_1.xml,1
ipgb20150623_2.xml,1
ipgb20150623_3.xml,1
ipgb20150623_4.xml,1
ipgb20150623_5.xml,1
ipgb20150623_6.xml,1
ipgb20150623_7.xml,1
ipgb20150630_1.xml,1
ipgb20150630_2.xml,1
ipgb20150630_3.xml,1
ipgb20150630_4.xml,1
ipgb20150630_5.xml,1
ipgb20150630_6.xml,1
ipgb20150630_7.xml,1
ipgb20150707_1.xml,1
ipgb20150707_2.xml,1
ipgb20150707_3.xml,1
ipgb20150707_4.xml,1
ipgb20150707_5.xml,1
ipgb20150707_6.xml,1
ipgb20150707_7.xml,1
ipgb20150714_1.xml,1
ipgb20150714_2.xml,1
ipgb20150714_3.xml,1
ipgb20150714_4.xml,1
ipgb20150714_5.xml,1
ipgb20150714_6.xml,1
ipgb20150714_7.xml,1
ipgb20150721_1.xml,1
ipgb20150721_2.xml,1
ipgb20150721_3.xml,1
ipgb20150721_4.xml,1
ipgb20150721_5.xml,1
ipgb20150721_6.xml,1
ipgb20150728_1.xml,1
ipgb20150728_2.xml,1
ipgb20150728_3.xml,1
ipgb20150728_4.xml,1
ipgb20150728_5.xml,1
ipgb20150728_6.xml,1
ipgb20150728_7.xml,1
ipgb20150804_1.xml,1
ipgb20150804_2.xml,1
ipgb20150804_3.xml,1
ipgb20150804_4.xml,1
ipgb20150804_5.xml,1
ipgb20150804_6.xml,1
ipgb20150804_7.xml,1
ipgb20150811_1.xml,1
ipgb20150811_2.xml,1
ipgb20150811_3.xml,1
ipgb20150811_4.xml,1
ipgb20150811_5.xml,1
ipgb20150811_6.xml,1
ipgb20150811_7.xml,1
ipgb20150818_1.xml,1
ipgb20150818_2.xml,1
ipgb20150818_3.xml,1
ipgb20150818_4.xml,1
ipgb20150818_5.xml,1
ipgb20150818_6.xml,1
ipgb20150818_7.xml,1
ipgb20150825_1.xml,1
ipgb20150825_2.xml,1
ipgb20150825_3.xml,1
ipgb20150825_4.xml,1
ipgb20150825_5.xml,1
ipgb20150825_6.xml,1
ipgb20150825_7.xml,1
ipgb20150901_1.xml,1
ipgb20150901_2.xml,1
ipgb20150901_3.xml,1
ipgb20150901_4.xml,1
ipgb20150901_5.xml,1
ipgb20150901_6.xml,1
ipgb20150901_7.xml,1
ipgb20150908_1.xml,1
ipgb20150908_2.xml,1
ipgb20150908_3.xml,1
ipgb20150908_4.xml,1
ipgb20150908_5.xml,1
ipgb20150908_6.xml,1
ipgb20150908_7.xml,1
ipgb20150915_1.xml,1
ipgb20150915_2.xml,1
ipgb20150915_3.xml,1
ipgb20150915_4.xml,1
ipgb20150915_5.xml,1
ipgb20150915_6.xml,1
ipgb20150915_7.xml,1
ipgb20150922_1.xml,1
ipgb20150922_2.xml,1
ipgb20150922_3.xml,1
ipgb20150922_4.xml,1
ipgb20150922_5.xml,1
ipgb20150922_6.xml,1
ipgb20150922_7.xml,1
ipgb20150929_1.xml,1
ipgb20150929_2.xml,1
ipgb20150929_3.xml,1
ipgb20150929_4.xml,1
ipgb20150929_5.xml,1
ipgb20150929_6.xml,1
ipgb20151006_1.xml,1
ipgb20151006_2.xml,1
ipgb20151006_3.xml,1
ipgb20151006_4.xml,1
ipgb20151006_5.xml,1
ipgb20151006_6.xml,1
ipgb20151006_7.xml,1
ipgb20151013_1.xml,1
ipgb20151013_2.xml,1
ipgb20151013_3.xml,1
ipgb20151013_4.xml,1
ipgb20151013_5.xml,1
ipgb20151013_6.xml,1
ipgb20151013_7.xml,1
ipgb20151020_1.xml,1
ipgb20151020_2.xml,1
ipgb20151020_3.xml,1
ipgb20151020_4.xml,1
ipgb20151020_5.xml,1
ipgb20151020_6.xml,1
ipgb20151020_7.xml,1
ipgb20151027_1.xml,1
ipgb20151027_2.xml,1
ipgb20151027_3.xml,1
ipgb20151027_4.xml,1
ipgb20151027_5.xml,1
ipgb20151027_6.xml,1
ipgb20151027_7.xml,1
ipgb20151103_1.xml,1
ipgb20151103_2.xml,1
ipgb20151103_3.xml,1
ipgb20151103_4.xml,1
ipgb20151103_5.xml,1
ipgb20151103_6.xml,1
ipgb20151103_7.xml,1
ipgb20151110_1.xml,1
ipgb20151110_2.xml,1
ipgb20151110_3.xml,1
ipgb20151110_4.xml,1
ipgb20151110_5.xml,1
ipgb20151110_6.xml,1
ipgb20151110_7.xml,1
ipgb20151117_1.xml,1
ipgb20151117_2.xml,1
ipgb20151117_3.xml,1
ipgb20151117_4.xml,1
ipgb20151117_5.xml,1
ipgb20151117_6.xml,1
ipgb20151117_7.xml,1
ipgb20151124_1.xml,1
ipgb20151124_2.xml,1
ipgb20151124_3.xml,1
ipgb20151124_4.xml,1
ipgb20151124_5.xml,1
ipgb20151124_6.xml,1
ipgb20151124_7.xml,1
ipgb20151201_1.xml,1
ipgb20151201_2.xml,1
ipgb20151201_3.xml,1
ipgb20151201_4.xml,1
ipgb20151201_5.xml,1
ipgb20151201_6.xml,1
ipgb20151201_7.xml,1
ipgb20151208_1.xml,1
ipgb20151208_2.xml,1
ipgb20151208_3.xml,1
ipgb20151208_4.xml,1
ipgb20151208_5.xml,1
ipgb20151208_6.xml,1
ipgb20151208_7.xml,1
ipgb20151215_1.xml,1
ipgb20151215_2.xml,1
ipgb20151215_3.xml,1
ipgb20151215_4.xml,1
ipgb20151215_5.xml,1
ipgb20151215_6.xml,1
ipgb20151222_1.xml,1
ipgb20151222_2.xml,1
ipgb20151222_3.xml,1
ipgb20151222_4.xml,1
ipgb20151222_5.xml,1
ipgb20151229_1.xml,1
ipgb20151229_2.xml,1
ipgb20151229_3.xml,1
ipgb20151229_4.xml,1
ipgb20151229_5.xml,1
ipgb20151229_6.xml,1
ipgb20151229_7.xml,1
ipgb20160105_1.xml,1
ipgb20160105_2.xml,1
ipgb20160105_3.xml,1
ipgb20160105_4.xml,1
ipgb20160105_5.xml,1
ipgb20160105_6.xml,1
ipgb20160105_7.xml,1
ipgb20160112_1.xml,1
ipgb20160112_2.xml,1
ipgb20160112_3.xml,1
ipgb20160112_4.xml,1
ipgb20160112_5.xml,1
ipgb20160112_6.xml,1
ipgb20160119_1.xml,1
ipgb20160119_2.xml,1
ipgb20160119_3.xml,1
ipgb20160119_4.xml,1
ipgb20160119_5.xml,1
ipgb20160126_1.xml,1
ipgb20160126_2.xml,1
ipgb20160126_3.xml,1
ipgb20160126_4.xml,1
ipgb20160126_5.xml,1
ipgb20160126_6.xml,1
ipgb20160126_7.xml,1
ipgb20160202_1.xml,1
ipgb20160202_2.xml,1
ipgb20160202_3.xml,1
ipgb20160202_4.xml,1
ipgb20160202_5.xml,1
ipgb20160202_6.xml,1
ipgb20160202_7.xml,1
ipgb20160209_1.xml,1
ipgb20160209_2.xml,1
ipgb20160209_3.xml,1
ipgb20160209_4.xml,1
ipgb20160209_5.xml,1
ipgb20160209_6.xml,1
ipgb20160216_1.xml,1
ipgb20160216_2.xml,1
ipgb20160216_3.xml,1
ipgb20160216_4.xml,1
ipgb20160216_5.xml,1
ipgb20160216_6.xml,1
ipgb20160216_7.xml,1
ipgb20160223_1.xml,1
ipgb20160223_2.xml,1
ipgb20160223_3.xml,1
ipgb20160223_4.xml,1
ipgb20160223_5.xml,1
ipgb20160223_6.xml,1
ipgb20160223_7.xml,1
ipgb20160301_1.xml,1
ipgb20160301_2.xml,1
ipgb20160301_3.xml,1
ipgb20160301_4.xml,1
ipgb20160301_5.xml,1
ipgb20160301_6.xml,1
ipgb20160301_7.xml,1
ipgb20160308_1.xml,1
ipgb20160308_2.xml,1
ipgb20160308_3.xml,1
ipgb20160308_4.xml,1
ipgb20160308_5.xml,1
ipgb20160308_6.xml,1
ipgb20160315_1.xml,1
ipgb20160315_2.xml,1
ipgb20160315_3.xml,1
ipgb20160315_4.xml,1
ipgb20160315_5.xml,1
ipgb20160315_6.xml,1
ipgb20160315_7.xml,1
ipgb20160322_1.xml,1
ipgb20160322_2.xml,1
ipgb20160322_3.xml,1
ipgb20160322_4.xml,1
ipgb20160322_5.xml,1
ipgb20160322_6.xml,1
ipgb20160322_7.xml,1
ipgb20160329_1.xml,1
ipgb20160329_2.xml,1
ipgb20160329_3.xml,1
ipgb20160329_4.xml,1
ipgb20160329_5.xml,1
ipgb20160329_6.xml,1
ipgb20160329_7.xml,1
ipgb20160405_1.xml,1
ipgb20160405_2.xml,1
ipgb20160405_3.xml,1
ipgb20160405_4.xml,1
ipgb20160405_5.xml,1
ipgb20160405_6.xml,1
ipgb20160405_7.xml,1
ipgb20160412_1.xml,1
ipgb20160412_2.xml,1
ipgb20160412_3.xml,1
ipgb20160412_4.xml,1
ipgb20160412_5.xml,1
ipgb20160412_6.xml,1
ipgb20160412_7.xml,1
ipgb20160419_1.xml,1
ipgb20160419_2.xml,1
ipgb20160419_3.xml,1
ipgb20160419_4.xml,1
ipgb20160419_5.xml,1
ipgb20160419_6.xml,1
ipgb20160419_7.xml,1
ipgb20160426_1.xml,1
ipgb20160426_2.xml,1
ipgb20160426_3.xml,1
ipgb20160426_4.xml,1
ipgb20160426_5.xml,1
ipgb20160426_6.xml,1
ipgb20160426_7.xml,1
ipgb20160503_1.xml,1
ipgb20160503_2.xml,1
ipgb20160503_3.xml,1
ipgb20160503_4.xml,1
ipgb20160503_5.xml,1
ipgb20160503_6.xml,1
ipgb20160503_7.xml,1
ipgb20160510_1.xml,1
ipgb20160510_2.xml,1
ipgb20160510_3.xml,1
ipgb20160510_4.xml,1
ipgb20160510_5.xml,1
ipgb20160510_6.xml,1
ipgb20160510_7.xml,1
ipgb20160517_1.xml,1
ipgb20160517_2.xml,1
ipgb20160517_3.xml,1
ipgb20160517_4.xml,1
ipgb20160517_5.xml,1
ipgb20160517_6.xml,1
ipgb20160517_7.xml,1
ipgb20160524_1.xml,1
ipgb20160524_2.xml,1
ipgb20160524_3.xml,1
ipgb20160524_4.xml,1
ipgb20160524_5.xml,1
ipgb20160524_6.xml,1
ipgb20160524_7.xml,1
ipgb20160524_8.xml,1
ipgb20160531_1.xml,1
ipgb20160531_2.xml,1
ipgb20160531_3.xml,1
ipgb20160531_4.xml,1
ipgb20160531_5.xml,1
ipgb20160531_6.xml,1
ipgb20160531_7.xml,1
ipgb20160607_1.xml,1
ipgb20160607_2.xml,1
ipgb20160607_3.xml,1
ipgb20160607_4.xml,1
ipgb20160607_5.xml,1
ipgb20160607_6.xml,1
ipgb20160607_7.xml,1
ipgb20160614_1.xml,1
ipgb20160614_2.xml,1
ipgb20160614_3.xml,1
ipgb20160614_4.xml,1
ipgb20160614_5.xml,1
ipgb20160614_6.xml,1
ipgb20160614_7.xml,1
ipgb20160621_1.xml,1
ipgb20160621_2.xml,1
ipgb20160621_3.xml,1
ipgb20160621_4.xml,1
ipgb20160621_5.xml,1
ipgb20160621_6.xml,1
ipgb20160628_1.xml,1
ipgb20160628_2.xml,1
ipgb20160628_3.xml,1
ipgb20160628_4.xml,1
ipgb20160628_5.xml,1
ipgb20160628_6.xml,1
ipgb20160628_7.xml,1
ipgb20160705_1.xml,1
ipgb20160705_2.xml,1
ipgb20160705_3.xml,1
ipgb20160705_4.xml,1
ipgb20160705_5.xml,1
ipgb20160705_6.xml,1
ipgb20160705_7.xml,1
ipgb20160712_1.xml,1
ipgb20160712_2.xml,1
ipgb20160712_3.xml,1
ipgb20160712_4.xml,1
ipgb20160712_5.xml,1
ipgb20160712_6.xml,1
ipgb20160712_7.xml,1
ipgb20160719_1.xml,1
ipgb20160719_2.xml,1
ipgb20160719_3.xml,1
ipgb20160719_4.xml,1
ipgb20160719_5.xml,1
ipgb20160719_6.xml,1
ipgb20160719_7.xml,1
ipgb20160726_1.xml,1
ipgb20160726_2.xml,1
ipgb20160726_3.xml,1
ipgb20160726_4.xml,1
ipgb20160802_1.xml,1
ipgb20160802_2.xml,1
ipgb20160802_3.xml,1
ipgb20160802_4.xml,1
ipgb20160802_5.xml,1
ipgb20160802_6.xml,1
ipgb20160802_7.xml,1
ipgb20160809_1.xml,1
ipgb20160809_2.xml,1
ipgb20160809_3.xml,1
ipgb20160809_4.xml,1
ipgb20160809_5.xml,1
ipgb20160809_6.xml,1
ipgb20160809_7.xml,1
ipgb20160816_1.xml,1
ipgb20160816_2.xml,1
ipgb20160816_3.xml,1
ipgb20160816_4.xml,1
ipgb20160816_5.xml,1
ipgb20160816_6.xml,1
ipgb20160816_7.xml,1
ipgb20160823_1.xml,1
ipgb20160823_2.xml,1
ipgb20160823_3.xml,1
ipgb20160823_4.xml,1
ipgb20160823_5.xml,1
ipgb20160823_6.xml,1
ipgb20160823_7.xml,1
ipgb20160830_1.xml,1
ipgb20160830_2.xml,1
ipgb20160830_3.xml,1
ipgb20160830_4.xml,1
ipgb20160830_5.xml,1
ipgb20160830_6.xml,1
ipgb20160830_7.xml,1
ipgb20160906_1.xml,1
ipgb20160906_2.xml,1
ipgb20160906_3.xml,1
ipgb20160906_4.xml,1
ipgb20160906_5.xml,1
ipgb20160906_6.xml,1
ipgb20160906_7.xml,1
ipgb20160913_1.xml,1
ipgb20160913_2.xml,1
ipgb20160913_3.xml,1
ipgb20160913_4.xml,1
ipgb20160913_5.xml,1
ipgb20160913_6.xml,1
ipgb20160913_7.xml,1
ipgb20160920_1.xml,1
ipgb20160920_2.xml,1
ipgb20160920_3.xml,1
ipgb20160920_4.xml,1
ipgb20160920_5.xml,1
ipgb20160920_6.xml,1
ipgb20160920_7.xml,1
ipgb20160927_1.xml,1
ipgb20160927_2.xml,1
ipgb20160927_3.xml,1
ipgb20160927_4.xml,1
ipgb20160927_5.xml,1
ipgb20160927_6.xml,1
ipgb20161004_1.xml,1
ipgb20161004_2.xml,1
ipgb20161004_3.xml,1
ipgb20161004_4.xml,1
ipgb20161004_5.xml,1
ipgb20161004_6.xml,1
ipgb20161004_7.xml,1
ipgb20161011_1.xml,1
ipgb20161011_2.xml,1
ipgb20161011_3.xml,1
ipgb20161011_4.xml,1
ipgb20161011_5.xml,1
ipgb20161011_6.xml,1
ipgb20161018_1.xml,1
ipgb20161018_2.xml,1
ipgb20161018_3.xml,1
ipgb20161018_4.xml,1
ipgb20161018_5.xml,1
ipgb20161018_6.xml,1
ipgb20161018_7.xml,1
ipgb20161025_1.xml,1
ipgb20161025_2.xml,1
ipgb20161025_3.xml,1
ipgb20161025_4.xml,1
ipgb20161025_5.xml,1
ipgb20161025_6.xml,1
ipgb20161025_7.xml,1
ipgb20161101_1.xml,1
ipgb20161101_2.xml,1
ipgb20161101_3.xml,1
ipgb20161101_4.xml,1
ipgb20161101_5.xml,1
ipgb20161101_6.xml,1
ipgb20161101_7.xml,1
ipgb20161108_1.xml,1
ipgb20161108_2.xml,1
ipgb20161108_3.xml,1
ipgb20161108_4.xml,1
ipgb20161108_5.xml,1
ipgb20161108_6.xml,1
ipgb20161108_7.xml,1
ipgb20161115_1.xml,1
ipgb20161115_2.xml,1
ipgb20161115_3.xml,1
ipgb20161115_4.xml,1
ipgb20161115_5.xml,1
ipgb20161115_6.xml,1
ipgb20161115_7.xml,1
ipgb20161122_1.xml,1
ipgb20161122_2.xml,1
ipgb20161122_3.xml,1
ipgb20161122_4.xml,1
ipgb20161122_5.xml,1
ipgb20161122_6.xml,1
ipgb20161122_7.xml,1
ipgb20161129_1.xml,1
ipgb20161129_2.xml,1
ipgb20161129_3.xml,1
ipgb20161129_4.xml,1
ipgb20161129_5.xml,1
ipgb20161129_6.xml,1
ipgb20161129_7.xml,1
ipgb20161206_1.xml,1
ipgb20161206_2.xml,1
ipgb20161206_3.xml,1
ipgb20161206_4.xml,1
ipgb20161206_5.xml,1
ipgb20161206_6.xml,1
ipgb20161206_7.xml,1
ipgb20161213_1.xml,1
ipgb20161213_2.xml,1
ipgb20161213_3.xml,1
ipgb20161213_4.xml,1
ipgb20161213_5.xml,1
ipgb20161213_6.xml,1
ipgb20161220_1.xml,1
ipgb20161220_2.xml,1
ipgb20161220_3.xml,1
ipgb20161220_4.xml,1
ipgb20161220_5.xml,1
ipgb20161227_1.xml,1
ipgb20161227_2.xml,1
ipgb20161227_3.xml,1
ipgb20161227_4.xml,1
ipgb20161227_5.xml,1
ipgb20161227_6.xml,1
ipgb20161227_7.xml,1
ipgb20161227_8.xml,1
ipgb20170103_1.xml,1
ipgb20170103_2.xml,1
ipgb20170103_3.xml,1
ipgb20170103_4.xml,1
ipgb20170103_5.xml,1
ipgb20170103_6.xml,1
ipgb20170103_7.xml,1
ipgb20170110_1.xml,1
ipgb20170110_2.xml,1
ipgb20170110_3.xml,1
ipgb20170110_4.xml,1
ipgb20170110_5.xml,1
ipgb20170110_6.xml,1
ipgb20170110_7.xml,1
ipgb20170117_1.xml,1
ipgb20170117_2.xml,1
ipgb20170117_3.xml,1
ipgb20170117_4.xml,1
ipgb20170117_5.xml,1
ipgb20170124_1.xml,1
ipgb20170124_2.xml,1
ipgb20170124_3.xml,1
ipgb20170124_4.xml,1
ipgb20170124_5.xml,1
ipgb20170124_6.xml,1
ipgb20170131_1.xml,1
ipgb20170131_2.xml,1
ipgb20170131_3.xml,1
ipgb20170131_4.xml,1
ipgb20170131_5.xml,1
ipgb20170131_6.xml,1
ipgb20170131_7.xml,1
ipgb20170207_1.xml,1
ipgb20170207_2.xml,1
ipgb20170207_3.xml,1
ipgb20170207_4.xml,1
ipgb20170207_5.xml,1
ipgb20170207_6.xml,1
ipgb20170214_1.xml,1
ipgb20170214_2.xml,1
ipgb20170214_3.xml,1
ipgb20170214_4.xml,1
ipgb20170214_5.xml,1
ipgb20170214_6.xml,1
ipgb20170214_7.xml,1
ipgb20170214_8.xml,1
ipgb20170221_1.xml,1
ipgb20170221_2.xml,1
ipgb20170221_3.xml,1
ipgb20170221_4.xml,1
ipgb20170221_5.xml,1
ipgb20170221_6.xml,1
ipgb20170221_7.xml,1
ipgb20170221_8.xml,1
ipgb20170228_1.xml,1
ipgb20170228_2.xml,1
ipgb20170228_3.xml,1
ipgb20170228_4.xml,1
ipgb20170228_5.xml,1
ipgb20170228_6.xml,1
ipgb20170228_7.xml,1
ipgb20170228_8.xml,1
ipgb20170307_1.xml,1
ipgb20170307_2.xml,1
ipgb20170307_3.xml,1
ipgb20170307_4.xml,1
ipgb20170307_5.xml,1
ipgb20170307_6.xml,1
ipgb20170307_7.xml,1
ipgb20170307_8.xml,1
ipgb20170314_1.xml,1
ipgb20170314_2.xml,1
ipgb20170314_3.xml,1
ipgb20170314_4.xml,1
ipgb20170314_5.xml,1
ipgb20170314_6.xml,1
ipgb20170321_1.xml,1
ipgb20170321_2.xml,1
ipgb20170321_3.xml,1
ipgb20170321_4.xml,1
ipgb20170321_5.xml,1
ipgb20170321_6.xml,1
ipgb20170321_7.xml,1
ipgb20170321_8.xml,1
ipgb20170328_1.xml,1
ipgb20170328_2.xml,1
ipgb20170328_3.xml,1
ipgb20170328_4.xml,1
ipgb20170328_5.xml,1
ipgb20170328_6.xml,1
ipgb20170328_7.xml,1
ipgb20170328_8.xml,1
ipgb20170404_1.xml,1
ipgb20170404_2.xml,1
ipgb20170404_3.xml,1
ipgb20170404_4.xml,1
ipgb20170404_5.xml,1
ipgb20170404_6.xml,1
ipgb20170404_7.xml,1
ipgb20170411_1.xml,1
ipgb20170411_2.xml,1
ipgb20170411_3.xml,1
ipgb20170411_4.xml,1
ipgb20170411_5.xml,1
ipgb20170411_6.xml,1
ipgb20170411_7.xml,1
ipgb20170411_8.xml,1
ipgb20170418_1.xml,1
ipgb20170418_2.xml,1
ipgb20170418_3.xml,1
ipgb20170418_4.xml,1
ipgb20170418_5.xml,1
ipgb20170418_6.xml,1
ipgb20170418_7.xml,1
ipgb20170418_8.xml,1
ipgb20170425_1.xml,1
ipgb20170425_2.xml,1
ipgb20170425_3.xml,1
ipgb20170425_4.xml,1
ipgb20170425_5.xml,1
ipgb20170425_6.xml,1
ipgb20170425_7.xml,1
ipgb20170425_8.xml,1
ipgb20170502_1.xml,1
ipgb20170502_2.xml,1
ipgb20170502_3.xml,1
ipgb20170502_4.xml,1
ipgb20170502_5.xml,1
ipgb20170502_6.xml,1
ipgb20170502_7.xml,1
ipgb20170502_8.xml,1
ipgb20170509_1.xml,1
ipgb20170509_2.xml,1
ipgb20170509_3.xml,1
ipgb20170509_4.xml,1
ipgb20170509_5.xml,1
ipgb20170509_6.xml,1
ipgb20170509_7.xml,1
ipgb20170509_8.xml,1
ipgb20170516_1.xml,1
ipgb20170516_2.xml,1
ipgb20170516_3.xml,1
ipgb20170516_4.xml,1
ipgb20170516_5.xml,1
ipgb20170516_6.xml,1
ipgb20170516_7.xml,1
ipgb20170516_8.xml,1
ipgb20170523_1.xml,1
ipgb20170523_2.xml,1
ipgb20170523_3.xml,1
ipgb20170523_4.xml,1
ipgb20170523_5.xml,1
ipgb20170523_6.xml,1
ipgb20170523_7.xml,1
ipgb20170523_8.xml,1
ipgb20170530_1.xml,1
ipgb20170530_2.xml,1
ipgb20170530_3.xml,1
ipgb20170530_4.xml,1
ipgb20170530_5.xml,1
ipgb20170530_6.xml,1
ipgb20170530_7.xml,1
ipgb20170530_8.xml,1
ipgb20170606_1.xml,1
ipgb20170606_2.xml,1
ipgb20170606_3.xml,1
ipgb20170606_4.xml,1
ipgb20170606_5.xml,1
ipgb20170606_6.xml,1
ipgb20170606_7.xml,1
ipgb20170606_8.xml,1
ipgb20170613_1.xml,1
ipgb20170613_2.xml,1
ipgb20170613_3.xml,1
ipgb20170613_4.xml,1
ipgb20170613_5.xml,1
ipgb20170613_6.xml,1
ipgb20170613_7.xml,1
ipgb20170613_8.xml,1
ipgb20170620_1.xml,1
ipgb20170620_2.xml,1
ipgb20170620_3.xml,1
ipgb20170620_4.xml,1
ipgb20170620_5.xml,1
ipgb20170620_6.xml,1
ipgb20170627_1.xml,1
ipgb20170627_2.xml,1
ipgb20170627_3.xml,1
ipgb20170627_4.xml,1
ipgb20170627_5.xml,1
ipgb20170627_6.xml,1
ipgb20170627_7.xml,1
ipgb20170627_8.xml,1
ipgb20170704_1.xml,1
ipgb20170704_2.xml,1
ipgb20170704_3.xml,1
ipgb20170704_4.xml,1
ipgb20170704_5.xml,1
ipgb20170704_6.xml,1
ipgb20170704_7.xml,1
ipgb20170704_8.xml,1
ipgb20170711_1.xml,1
ipgb20170711_2.xml,1
ipgb20170711_3.xml,1
ipgb20170711_4.xml,1
ipgb20170711_5.xml,1
ipgb20170711_6.xml,1
ipgb20170711_7.xml,1
ipgb20170711_8.xml,1
ipgb20170718_1.xml,1
ipgb20170718_2.xml,1
ipgb20170718_3.xml,1
ipgb20170718_4.xml,1
ipgb20170718_5.xml,1
ipgb20170718_6.xml,1
ipgb20170718_7.xml,1
ipgb20170718_8.xml,1
ipgb20170725_1.xml,1
ipgb20170725_2.xml,1
ipgb20170725_3.xml,1
ipgb20170725_4.xml,1
ipgb20170725_5.xml,1
ipgb20170801_1.xml,1
ipgb20170801_2.xml,1
ipgb20170801_3.xml,1
ipgb20170801_4.xml,1
ipgb20170801_5.xml,1
ipgb20170801_6.xml,1
ipgb20170801_7.xml,1
ipgb20170801_8.xml,1
ipgb20170808_1.xml,1
ipgb20170808_2.xml,1
ipgb20170808_3.xml,1
ipgb20170808_4.xml,1
ipgb20170808_5.xml,1
ipgb20170808_6.xml,1
ipgb20170808_7.xml,1
ipgb20170808_8.xml,1
ipgb20170815_1.xml,1
ipgb20170815_2.xml,1
ipgb20170815_3.xml,1
ipgb20170815_4.xml,1
ipgb20170815_5.xml,1
ipgb20170815_6.xml,1
ipgb20170815_7.xml,1
ipgb20170815_8.xml,1
ipgb20170822_1.xml,1
ipgb20170822_2.xml,1
ipgb20170822_3.xml,1
ipgb20170822_4.xml,1
ipgb20170822_5.xml,1
ipgb20170822_6.xml,1
ipgb20170822_7.xml,1
ipgb20170822_8.xml,1
ipgb20170829_1.xml,1
ipgb20170829_2.xml,1
ipgb20170829_3.xml,1
ipgb20170829_4.xml,1
ipgb20170829_5.xml,1
ipgb20170829_6.xml,1
ipgb20170829_7.xml,1
ipgb20170829_8.xml,1
ipgb20170905_1.xml,1
ipgb20170905_2.xml,1
ipgb20170905_3.xml,1
ipgb20170905_4.xml,1
ipgb20170905_5.xml,1
ipgb20170905_6.xml,1
ipgb20170905_7.xml,1
ipgb20170905_8.xml,1
ipgb20170912_1.xml,1
ipgb20170912_2.xml,1
ipgb20170912_3.xml,1
ipgb20170912_4.xml,1
ipgb20170912_5.xml,1
ipgb20170912_6.xml,1
ipgb20170912_7.xml,1
ipgb20170912_8.xml,1
ipgb20170919_1.xml,1
ipgb20170919_2.xml,1
ipgb20170919_3.xml,1
ipgb20170919_4.xml,1
ipgb20170919_5.xml,1
ipgb20170919_6.xml,1
ipgb20170919_7.xml,1
ipgb20170919_8.xml,1
ipgb20170926_1.xml,1
ipgb20170926_2.xml,1
ipgb20170926_3.xml,1
ipgb20170926_4.xml,1
ipgb20170926_5.xml,1
ipgb20170926_6.xml,1
ipgb20171003_1.xml,1
ipgb20171003_2.xml,1
ipgb20171003_3.xml,1
ipgb20171003_4.xml,1
ipgb20171003_5.xml,1
ipgb20171003_6.xml,1
ipgb20171003_7.xml,1
ipgb20171003_8.xml,1
ipgb20171010_1.xml,1
ipgb20171010_2.xml,1
ipgb20171010_3.xml,1
ipgb20171010_4.xml,1
ipgb20171010_5.xml,1
ipgb20171010_6.xml,1
ipgb20171010_7.xml,1
ipgb20171010_8.xml,1
ipgb20171017_1.xml,1
ipgb20171017_2.xml,1
ipgb20171017_3.xml,1
ipgb20171017_4.xml,1
ipgb20171017_5.xml,1
ipgb20171017_6.xml,1
ipgb20171017_7.xml,1
ipgb20171017_8.xml,1
ipgb20171024_1.xml,1
ipgb20171024_2.xml,1
ipgb20171024_3.xml,1
ipgb20171024_4.xml,1
ipgb20171024_5.xml,1
ipgb20171024_6.xml,1
ipgb20171024_7.xml,1
ipgb20171031_1.xml,1
ipgb20171031_2.xml,1
ipgb20171031_3.xml,1
ipgb20171031_4.xml,1
ipgb20171031_5.xml,1
ipgb20171031_6.xml,1
ipgb20171031_7.xml,1
ipgb20171031_8.xml,1
ipgb20171107_1.xml,1
ipgb20171107_2.xml,1
ipgb20171107_3.xml,1
ipgb20171107_4.xml,1
ipgb20171107_5.xml,1
ipgb20171107_6.xml,1
ipgb20171107_7.xml,1
ipgb20171114_1.xml,1
ipgb20171114_2.xml,1
ipgb20171114_3.xml,1
ipgb20171114_4.xml,1
ipgb20171114_5.xml,1
ipgb20171114_6.xml,1
ipgb20171114_7.xml,1
ipgb20171121_1.xml,1
ipgb20171121_2.xml,1
ipgb20171121_3.xml,1
ipgb20171121_4.xml,1
ipgb20171121_5.xml,1
ipgb20171121_6.xml,1
ipgb20171121_7.xml,1
ipgb20171128_1.xml,1
ipgb20171128_2.xml,1
ipgb20171128_3.xml,1
ipgb20171128_4.xml,1
ipgb20171128_5.xml,1
ipgb20171128_6.xml,1
ipgb20171128_7.xml,1
ipgb20171205_1.xml,1
ipgb20171205_2.xml,1
ipgb20171205_3.xml,1
ipgb20171205_4.xml,1
ipgb20171205_5.xml,1
ipgb20171205_6.xml,1
ipgb20171205_7.xml,1
ipgb20171212_1.xml,1
ipgb20171212_2.xml,1
ipgb20171212_3.xml,1
ipgb20171212_4.xml,1
ipgb20171212_5.xml,1
ipgb20171212_6.xml,1
ipgb20171219_1.xml,1
ipgb20171219_2.xml,1
ipgb20171219_3.xml,1
ipgb20171219_4.xml,1
ipgb20171219_5.xml,1
ipgb20171226_1.xml,1
ipgb20171226_2.xml,1
ipgb20171226_3.xml,1
ipgb20171226_4.xml,1
ipgb20171226_5.xml,1
ipgb20171226_6.xml,1
ipgb20171226_7.xml,1
ipgb20180102_1.xml,1
ipgb20180102_2.xml,1
ipgb20180102_3.xml,1
ipgb20180102_4.xml,1
ipgb20180102_5.xml,1
ipgb20180102_6.xml,1
ipgb20180102_7.xml,1
ipgb20180109_1.xml,1
ipgb20180109_2.xml,1
ipgb20180109_3.xml,1
ipgb20180109_4.xml,1
ipgb20180109_5.xml,1
ipgb20180109_6.xml,1
ipgb20180109_7.xml,1
ipgb20180116_1.xml,1
ipgb20180116_2.xml,1
ipgb20180116_3.xml,1
ipgb20180116_4.xml,1
ipgb20180116_5.xml,1
ipgb20180116_6.xml,1
ipgb20180123_1.xml,1
ipgb20180123_2.xml,1
ipgb20180123_3.xml,1
ipgb20180123_4.xml,1
ipgb20180123_5.xml,1
ipgb20180123_6.xml,1
ipgb20180130_1.xml,1
ipgb20180130_2.xml,1
ipgb20180130_3.xml,1
ipgb20180130_4.xml,1
ipgb20180130_5.xml,1
ipgb20180130_6.xml,1
ipgb20180130_7.xml,1
ipgb20180206_1.xml,1
ipgb20180206_2.xml,1
ipgb20180206_3.xml,1
ipgb20180206_4.xml,1
ipgb20180206_5.xml,1
ipgb20180206_6.xml,1
ipgb20180213_1.xml,1
ipgb20180213_2.xml,1
ipgb20180213_3.xml,1
ipgb20180213_4.xml,1
ipgb20180213_5.xml,1
ipgb20180213_6.xml,1
ipgb20180213_7.xml,1
ipgb20180220_1.xml,1
ipgb20180220_2.xml,1
ipgb20180220_3.xml,1
ipgb20180220_4.xml,1
ipgb20180220_5.xml,1
ipgb20180220_6.xml,1
ipgb20180220_7.xml,1
ipgb20180227_1.xml,1
ipgb20180227_2.xml,1
ipgb20180227_3.xml,1
ipgb20180227_4.xml,1
ipgb20180227_5.xml,1
ipgb20180227_6.xml,1
ipgb20180227_7.xml,1
ipgb20180306_1.xml,1
ipgb20180306_2.xml,1
ipgb20180306_3.xml,1
ipgb20180306_4.xml,1
ipgb20180306_5.xml,1
ipgb20180306_6.xml,1
ipgb20180306_7.xml,1
ipgb20180313_1.xml,1
ipgb20180313_2.xml,1
ipgb20180313_3.xml,1
ipgb20180313_4.xml,1
ipgb20180313_5.xml,1
ipgb20180313_6.xml,1
ipgb20180320_1.xml,1
ipgb20180320_2.xml,1
ipgb20180320_3.xml,1
ipgb20180320_4.xml,1
ipgb20180320_5.xml,1
ipgb20180320_6.xml,1
ipgb20180320_7.xml,1
ipgb20180327_1.xml,1
ipgb20180327_2.xml,1
ipgb20180327_3.xml,1
ipgb20180327_4.xml,1
ipgb20180327_5.xml,1
ipgb20180327_6.xml,1
ipgb20180327_7.xml,1
ipgb20180403_1.xml,1
ipgb20180403_2.xml,1
ipgb20180403_3.xml,1
ipgb20180403_4.xml,1
ipgb20180403_5.xml,1
ipgb20180403_6.xml,1
ipgb20180403_7.xml,1
ipgb20180410_1.xml,1
ipgb20180410_2.xml,1
ipgb20180410_3.xml,1
ipgb20180410_4.xml,1
ipgb20180410_5.xml,1
ipgb20180410_6.xml,1
ipgb20180410_7.xml,1
ipgb20180410_8.xml,1
ipgb20180417_1.xml,1
ipgb20180417_2.xml,1
ipgb20180417_3.xml,1
ipgb20180417_4.xml,1
ipgb20180417_5.xml,1
ipgb20180417_6.xml,1
ipgb20180417_7.xml,1
ipgb20180424_1.xml,1
ipgb20180424_2.xml,1
ipgb20180424_3.xml,1
ipgb20180424_4.xml,1
ipgb20180424_5.xml,1
ipgb20180424_6.xml,1
ipgb20180424_7.xml,1
ipgb20180501_1.xml,1
ipgb20180501_2.xml,1
ipgb20180501_3.xml,1
ipgb20180501_4.xml,1
ipgb20180501_5.xml,1
ipgb20180501_6.xml,1
ipgb20180501_7.xml,1
ipgb20180508_1.xml,1
ipgb20180508_2.xml,1
ipgb20180508_3.xml,1
ipgb20180508_4.xml,1
ipgb20180508_5.xml,1
ipgb20180508_6.xml,1
ipgb20180508_7.xml,1
ipgb20180515_1.xml,1
ipgb20180515_2.xml,1
ipgb20180515_3.xml,1
ipgb20180515_4.xml,1
ipgb20180515_5.xml,1
ipgb20180515_6.xml,1
ipgb20180515_7.xml,1
ipgb20180522_1.xml,1
ipgb20180522_2.xml,1
ipgb20180522_3.xml,1
ipgb20180522_4.xml,1
ipgb20180522_5.xml,1
ipgb20180522_6.xml,1
ipgb20180522_7.xml,1
ipgb20180529_1.xml,1
ipgb20180529_2.xml,1
ipgb20180529_3.xml,1
ipgb20180529_4.xml,1
ipgb20180529_5.xml,1
ipgb20180529_6.xml,1
ipgb20180529_7.xml,1
ipgb20180605_1.xml,1
ipgb20180605_2.xml,1
ipgb20180605_3.xml,1
ipgb20180605_4.xml,1
ipgb20180605_5.xml,1
ipgb20180605_6.xml,1
ipgb20180605_7.xml,1
ipgb20180612_1.xml,1
ipgb20180612_2.xml,1
ipgb20180612_3.xml,1
ipgb20180612_4.xml,1
ipgb20180612_5.xml,1
ipgb20180612_6.xml,1
ipgb20180612_7.xml,1
ipgb20180619_1.xml,1
ipgb20180619_2.xml,1
ipgb20180619_3.xml,1
ipgb20180619_4.xml,1
ipgb20180619_5.xml,1
ipgb20180619_6.xml,1
ipgb20180626_1.xml,1
ipgb20180626_2.xml,1
ipgb20180626_3.xml,1
ipgb20180626_4.xml,1
ipgb20180626_5.xml,1
ipgb20180626_6.xml,1
ipgb20180626_7.xml,1
ipgb20180703_1.xml,1
ipgb20180703_2.xml,1
ipgb20180703_3.xml,1
ipgb20180703_4.xml,1
ipgb20180703_5.xml,1
ipgb20180703_6.xml,1
ipgb20180703_7.xml,1
ipgb20180710_1.xml,1
ipgb20180710_2.xml,1
ipgb20180710_3.xml,1
ipgb20180710_4.xml,1
ipgb20180710_5.xml,1
ipgb20180710_6.xml,1
ipgb20180710_7.xml,1
ipgb20180717_1.xml,1
ipgb20180717_2.xml,1
ipgb20180717_3.xml,1
ipgb20180717_4.xml,1
ipgb20180717_5.xml,1
ipgb20180717_6.xml,1
ipgb20180717_7.xml,1
ipgb20180717_8.xml,1
ipgb20180724_1.xml,1
ipgb20180724_2.xml,1
ipgb20180724_3.xml,1
ipgb20180724_4.xml,1
ipgb20180724_5.xml,1
ipgb20180724_6.xml,1
ipgb20180724_7.xml,1
ipgb20180731_1.xml,1
ipgb20180731_2.xml,1
ipgb20180731_3.xml,1
ipgb20180731_4.xml,1
ipgb20180731_5.xml,1
ipgb20180731_6.xml,1
ipgb20180807_1.xml,1
ipgb20180807_2.xml,1
ipgb20180807_3.xml,1
ipgb20180807_4.xml,1
ipgb20180807_5.xml,1
ipgb20180807_6.xml,1
ipgb20180807_7.xml,1
ipgb20180814_1.xml,1
ipgb20180814_2.xml,1
ipgb20180814_3.xml,1
ipgb20180814_4.xml,1
ipgb20180814_5.xml,1
ipgb20180814_6.xml,1
ipgb20180814_7.xml,1
ipgb20180814_8.xml,1
ipgb20180821_1.xml,1
ipgb20180821_2.xml,1
ipgb20180821_3.xml,1
ipgb20180821_4.xml,1
ipgb20180821_5.xml,1
ipgb20180821_6.xml,1
ipgb20180821_7.xml,1
ipgb20180828_1.xml,1
ipgb20180828_2.xml,1
ipgb20180828_3.xml,1
ipgb20180828_4.xml,1
ipgb20180828_5.xml,1
ipgb20180828_6.xml,1
ipgb20180828_7.xml,1
ipgb20180828_8.xml,1
ipgb20180904_1.xml,1
ipgb20180904_2.xml,1
ipgb20180904_3.xml,1
ipgb20180904_4.xml,1
ipgb20180904_5.xml,1
ipgb20180904_6.xml,1
ipgb20180904_7.xml,1
ipgb20180911_1.xml,1
ipgb20180911_2.xml,1
ipgb20180911_3.xml,1
ipgb20180911_4.xml,1
ipgb20180911_5.xml,1
ipgb20180911_6.xml,1
ipgb20180911_7.xml,1
ipgb20180918_1.xml,1
ipgb20180918_2.xml,1
ipgb20180918_3.xml,1
ipgb20180918_4.xml,1
ipgb20180918_5.xml,1
ipgb20180925_1.xml,1
ipgb20180925_2.xml,1
ipgb20180925_3.xml,1
ipgb20180925_4.xml,1
ipgb20180925_5.xml,1
ipgb20180925_6.xml,1
ipgb20181002_1.xml,1
ipgb20181002_2.xml,1
ipgb20181002_3.xml,1
ipgb20181002_4.xml,1
ipgb20181002_5.xml,1
ipgb20181002_6.xml,1
ipgb20181002_7.xml,1
ipgb20181002_8.xml,1
ipgb20181009_1.xml,1
ipgb20181009_2.xml,1
ipgb20181009_3.xml,1
ipgb20181009_4.xml,1
ipgb20181009_5.xml,1
ipgb20181009_6.xml,1
ipgb20181009_7.xml,1
ipgb20181016_1.xml,1
ipgb20181016_2.xml,1
ipgb20181016_3.xml,1
ipgb20181016_4.xml,1
ipgb20181016_5.xml,1
ipgb20181016_6.xml,1
ipgb20181016_7.xml,1
ipgb20181016_8.xml,1
ipgb20181023_1.xml,1
ipgb20181023_2.xml,1
ipgb20181023_3.xml,1
ipgb20181023_4.xml,1
ipgb20181023_5.xml,1
ipgb20181023_6.xml,1
ipgb20181023_7.xml,1
ipgb20181023_8.xml,1
ipgb20181030_1.xml,1
ipgb20181030_2.xml,1
ipgb20181030_3.xml,1
ipgb20181030_4.xml,1
ipgb20181030_5.xml,1
ipgb20181030_6.xml,1
ipgb20181030_7.xml,1
ipgb20181106_1.xml,1
ipgb20181106_2.xml,1
ipgb20181106_3.xml,1
ipgb20181106_4.xml,1
ipgb20181106_5.xml,1
ipgb20181106_6.xml,1
ipgb20181106_7.xml,1
ipgb20181113_1.xml,1
ipgb20181113_2.xml,1
ipgb20181113_3.xml,1
ipgb20181113_4.xml,1
ipgb20181113_5.xml,1
ipgb20181113_6.xml,1
ipgb20181113_7.xml,1
ipgb20181113_8.xml,1
ipgb20181120_1.xml,1
ipgb20181120_2.xml,1
ipgb20181120_3.xml,1
ipgb20181120_4.xml,1
ipgb20181120_5.xml,1
ipgb20181120_6.xml,1
ipgb20181120_7.xml,1
ipgb20181120_8.xml,1
ipgb20181127_1.xml,1
ipgb20181127_2.xml,1
ipgb20181127_3.xml,1
ipgb20181127_4.xml,1
ipgb20181127_5.xml,1
ipgb20181127_6.xml,1
ipgb20181127_7.xml,1
ipgb20181127_8.xml,1
ipgb20181204_1.xml,1
ipgb20181204_2.xml,1
ipgb20181204_3.xml,1
ipgb20181204_4.xml,1
ipgb20181204_5.xml,1
ipgb20181204_6.xml,1
ipgb20181204_7.xml,1
ipgb20181211_1.xml,1
ipgb20181211_2.xml,1
ipgb20181211_3.xml,1
ipgb20181211_4.xml,1
ipgb20181211_5.xml,1
ipgb20181211_6.xml,1
ipgb20181218_1.xml,1
ipgb20181218_2.xml,1
ipgb20181218_3.xml,1
ipgb20181218_4.xml,1
ipgb20181218_5.xml,1
ipgb20181225_1.xml,1
ipgb20181225_2.xml,1
ipgb20181225_3.xml,1
ipgb20181225_4.xml,1
ipgb20181225_5.xml,1
ipgb20181225_6.xml,1
ipgb20181225_7.xml,1
ipgb20181225_8.xml,1
ipgb20190101_1.xml,1
ipgb20190101_2.xml,1
ipgb20190101_3.xml,1
ipgb20190101_4.xml,1
ipgb20190101_5.xml,1
ipgb20190101_6.xml,1
ipgb20190101_7.xml,1
ipgb20190101_8.xml,1
ipgb20190108_1.xml,1
ipgb20190108_2.xml,1
ipgb20190108_3.xml,1
ipgb20190108_4.xml,1
ipgb20190108_5.xml,1
ipgb20190108_6.xml,1
ipgb20190108_7.xml,1
ipgb20190108_8.xml,1
ipgb20190115_1.xml,1
ipgb20190115_2.xml,1
ipgb20190115_3.xml,1
ipgb20190115_4.xml,1
ipgb20190115_5.xml,1
ipgb20190122_1.xml,1
ipgb20190122_2.xml,1
ipgb20190122_3.xml,1
ipgb20190122_4.xml,1
ipgb20190122_5.xml,1
ipgb20190122_6.xml,1
ipgb20190129_1.xml,1
ipgb20190129_2.xml,1
ipgb20190129_3.xml,1
ipgb20190129_4.xml,1
ipgb20190129_5.xml,1
ipgb20190129_6.xml,1
ipgb20190129_7.xml,1
ipgb20190129_8.xml,1
ipgb20190205_1.xml,1
ipgb20190205_2.xml,1
ipgb20190205_3.xml,1
ipgb20190205_4.xml,1
ipgb20190205_5.xml,1
ipgb20190205_6.xml,1
ipgb20190205_7.xml,1
ipgb20190205_8.xml,1
ipgb20190212_1.xml,1
ipgb20190212_2.xml,1
ipgb20190212_3.xml,1
ipgb20190212_4.xml,1
ipgb20190212_5.xml,1
ipgb20190212_6.xml,1
ipgb20190219_1.xml,1
ipgb20190219_2.xml,1
ipgb20190219_3.xml,1
ipgb20190219_4.xml,1
ipgb20190219_5.xml,1
ipgb20190219_6.xml,1
ipgb20190219_7.xml,1
ipgb20190219_8.xml,1
ipgb20190226_1.xml,1
ipgb20190226_2.xml,1
ipgb20190226_3.xml,1
ipgb20190226_4.xml,1
ipgb20190226_5.xml,1
ipgb20190226_6.xml,1
ipgb20190226_7.xml,1
ipgb20190226_8.xml,1
ipgb20190305_1.xml,1
ipgb20190305_2.xml,1
ipgb20190305_3.xml,1
ipgb20190305_4.xml,1
ipgb20190305_5.xml,1
ipgb20190305_6.xml,1
ipgb20190305_7.xml,1
ipgb20190305_8.xml,1
ipgb20190312_1.xml,1
ipgb20190312_2.xml,1
ipgb20190312_3.xml,1
ipgb20190312_4.xml,1
ipgb20190312_5.xml,1
ipgb20190312_6.xml,1
ipgb20190319_1.xml,1
ipgb20190319_2.xml,1
ipgb20190319_3.xml,1
ipgb20190319_4.xml,1
ipgb20190319_5.xml,1
ipgb20190319_6.xml,1
ipgb20190319_7.xml,1
ipgb20190319_8.xml,1
ipgb20190326_1.xml,1
ipgb20190326_2.xml,1
ipgb20190326_3.xml,1
ipgb20190326_4.xml,1
ipgb20190326_5.xml,1
ipgb20190326_6.xml,1
ipgb20190326_7.xml,1
ipgb20190326_8.xml,1
ipgb20190402_1.xml,1
ipgb20190402_2.xml,1
ipgb20190402_3.xml,1
ipgb20190402_4.xml,1
ipgb20190402_5.xml,1
ipgb20190402_6.xml,1
ipgb20190402_7.xml,1
ipgb20190402_8.xml,1
ipgb20190409_1.xml,1
ipgb20190409_2.xml,1
ipgb20190409_3.xml,1
ipgb20190409_4.xml,1
ipgb20190409_5.xml,1
ipgb20190409_6.xml,1
ipgb20190409_7.xml,1
ipgb20190409_8.xml,1
ipgb20190416_1.xml,1
ipgb20190416_2.xml,1
ipgb20190416_3.xml,1
ipgb20190416_4.xml,1
ipgb20190416_5.xml,1
ipgb20190416_6.xml,1
ipgb20190416_7.xml,1
ipgb20190416_8.xml,1
ipgb20190423_1.xml,1
ipgb20190423_2.xml,1
ipgb20190423_3.xml,1
ipgb20190423_4.xml,1
ipgb20190423_5.xml,1
ipgb20190423_6.xml,1
ipgb20190423_7.xml,1
ipgb20190423_8.xml,1
ipgb20190430_1.xml,1
ipgb20190430_2.xml,1
ipgb20190430_3.xml,1
ipgb20190430_4.xml,1
ipgb20190430_5.xml,1
ipgb20190430_6.xml,1
ipgb20190430_7.xml,1
ipgb20190430_8.xml,1
ipgb20190507_1.xml,1
ipgb20190507_2.xml,1
ipgb20190507_3.xml,1
ipgb20190507_4.xml,1
ipgb20190507_5.xml,1
ipgb20190507_6.xml,1
ipgb20190507_7.xml,1
ipgb20190507_8.xml,1
ipgb20190514_1.xml,1
ipgb20190514_2.xml,1
ipgb20190514_3.xml,1
ipgb20190514_4.xml,1
ipgb20190514_5.xml,1
ipgb20190514_6.xml,1
ipgb20190514_7.xml,1
ipgb20190514_8.xml,1
ipgb20190521_1.xml,1
ipgb20190521_2.xml,1
ipgb20190521_3.xml,1
ipgb20190521_4.xml,1
ipgb20190521_5.xml,1
ipgb20190521_6.xml,1
ipgb20190521_7.xml,1
ipgb20190521_8.xml,1
ipgb20190528_1.xml,1
ipgb20190528_2.xml,1
ipgb20190528_3.xml,1
ipgb20190528_4.xml,1
ipgb20190528_5.xml,1
ipgb20190528_6.xml,1
ipgb20190528_7.xml,1
ipgb20190528_8.xml,1
ipgb20190528_9.xml,1
ipgb20190604_1.xml,1
ipgb20190604_2.xml,1
ipgb20190604_3.xml,1
ipgb20190604_4.xml,1
ipgb20190604_5.xml,1
ipgb20190604_6.xml,1
ipgb20190604_7.xml,1
ipgb20190604_8.xml,1
ipgb20190604_9.xml,1
ipgb20190611_1.xml,1
ipgb20190611_2.xml,1
ipgb20190611_3.xml,1
ipgb20190611_4.xml,1
ipgb20190611_5.xml,1
ipgb20190611_6.xml,1
ipgb20190611_7.xml,1
ipgb20190611_8.xml,1
ipgb20190618_1.xml,1
ipgb20190618_2.xml,1
ipgb20190618_3.xml,1
ipgb20190618_4.xml,1
ipgb20190618_5.xml,1
ipgb20190618_6.xml,1
ipgb20190618_7.xml,1
ipgb20190625_1.xml,1
ipgb20190625_2.xml,1
ipgb20190625_3.xml,1
ipgb20190625_4.xml,1
ipgb20190625_5.xml,1
ipgb20190625_6.xml,1
ipgb20190625_7.xml,1
ipgb20190625_8.xml,1
ipgb20190702_1.xml,1
ipgb20190702_2.xml,1
ipgb20190702_3.xml,1
ipgb20190702_4.xml,1
ipgb20190702_5.xml,1
ipgb20190702_6.xml,1
ipgb20190702_7.xml,1
ipgb20190702_8.xml,1
ipgb20190702_9.xml,1
ipgb20190709_1.xml,1
ipgb20190709_2.xml,1
ipgb20190709_3.xml,1
ipgb20190709_4.xml,1
ipgb20190709_5.xml,1
ipgb20190709_6.xml,1
ipgb20190709_7.xml,1
ipgb20190709_8.xml,1
ipgb20190709_9.xml,1
ipgb20190716_1.xml,1
ipgb20190716_2.xml,1
ipgb20190716_3.xml,1
ipgb20190716_4.xml,1
ipgb20190716_5.xml,1
ipgb20190716_6.xml,1
ipgb20190716_7.xml,1
ipgb20190716_8.xml,1
ipgb20190716_9.xml,1
ipgb20190723_1.xml,1
ipgb20190723_2.xml,1
ipgb20190723_3.xml,1
ipgb20190723_4.xml,1
ipgb20190723_5.xml,1
ipgb20190723_6.xml,1
ipgb20190723_7.xml,1
ipgb20190730_1.xml,1
ipgb20190730_2.xml,1
ipgb20190730_3.xml,1
ipgb20190730_4.xml,1
ipgb20190730_5.xml,1
ipgb20190730_6.xml,1
ipgb20190730_7.xml,1
ipgb20190806_1.xml,1
ipgb20190806_2.xml,1
ipgb20190806_3.xml,1
ipgb20190806_4.xml,1
ipgb20190806_5.xml,1
ipgb20190806_6.xml,1
ipgb20190806_7.xml,1
ipgb20190806_8.xml,1
ipgb20190806_9.xml,1
ipgb20190813_1.xml,1
ipgb20190813_2.xml,1
ipgb20190813_3.xml,1
ipgb20190813_4.xml,1
ipgb20190813_5.xml,1
ipgb20190813_6.xml,1
ipgb20190813_7.xml,1
ipgb20190813_8.xml,1
ipgb20190813_9.xml,1
ipgb20190820_1.xml,1
ipgb20190820_2.xml,1
ipgb20190820_3.xml,1
ipgb20190820_4.xml,1
ipgb20190820_5.xml,1
ipgb20190820_6.xml,1
ipgb20190820_7.xml,1
ipgb20190820_8.xml,1
ipgb20190827_1.xml,1
ipgb20190827_2.xml,1
ipgb20190827_3.xml,1
ipgb20190827_4.xml,1
ipgb20190827_5.xml,1
ipgb20190827_6.xml,1
ipgb20190827_7.xml,1
ipgb20190827_8.xml,1
ipgb20190827_9.xml,1
ipgb20190903_1.xml,1
ipgb20190903_2.xml,1
ipgb20190903_3.xml,1
ipgb20190903_4.xml,1
ipgb20190903_5.xml,1
ipgb20190903_6.xml,1
ipgb20190903_7.xml,1
ipgb20190903_8.xml,1
ipgb20190903_9.xml,1
ipgb20190910_1.xml,1
ipgb20190910_2.xml,1
ipgb20190910_3.xml,1
ipgb20190910_4.xml,1
ipgb20190910_5.xml,1
ipgb20190910_6.xml,1
ipgb20190910_7.xml,1
ipgb20190910_8.xml,1
ipgb20190910_9.xml,1
ipgb20190917_1.xml,1
ipgb20190917_2.xml,1
ipgb20190917_3.xml,1
ipgb20190917_4.xml,1
ipgb20190917_5.xml,1
ipgb20190917_6.xml,1
ipgb20190917_7.xml,1
ipgb20190917_8.xml,1
ipgb20190917_9.xml,1
ipgb20190924_1.xml,1
ipgb20190924_2.xml,1
ipgb20190924_3.xml,1
ipgb20190924_4.xml,1
ipgb20190924_5.xml,1
ipgb20190924_6.xml,1
ipgb20190924_7.xml,1
ipgb20191001_1.xml,1
ipgb20191001_2.xml,1
ipgb20191001_3.xml,1
ipgb20191001_4.xml,1
ipgb20191001_5.xml,1
ipgb20191001_6.xml,1
ipgb20191001_7.xml,1
ipgb20191001_8.xml,1
ipgb20191001_9.xml,1
ipgb20191008_1.xml,1
ipgb20191008_2.xml,1
ipgb20191008_3.xml,1
ipgb20191008_4.xml,1
ipgb20191008_5.xml,1
ipgb20191008_6.xml,1
ipgb20191008_7.xml,1
ipgb20191008_8.xml,1
ipgb20191008_9.xml,1
ipgb20191015_1.xml,1
ipgb20191015_2.xml,1
ipgb20191015_3.xml,1
ipgb20191015_4.xml,1
ipgb20191015_5.xml,1
ipgb20191015_6.xml,1
ipgb20191015_7.xml,1
ipgb20191015_8.xml,1
ipgb20191015_9.xml,1
ipgb20191022_1.xml,1
ipgb20191022_2.xml,1
ipgb20191022_3.xml,1
ipgb20191022_4.xml,1
ipgb20191022_5.xml,1
ipgb20191022_6.xml,1
ipgb20191022_7.xml,1
ipgb20191022_8.xml,1
ipgb20191029_1.xml,1
ipgb20191029_2.xml,1
ipgb20191029_3.xml,1
ipgb20191029_4.xml,1
ipgb20191029_5.xml,1
ipgb20191029_6.xml,1
ipgb20191029_7.xml,1
ipgb20191029_8.xml,1
ipgb20191105_1.xml,1
ipgb20191105_2.xml,1
ipgb20191105_3.xml,1
ipgb20191105_4.xml,1
ipgb20191105_5.xml,1
ipgb20191105_6.xml,1
ipgb20191105_7.xml,1
ipgb20191105_8.xml,1
ipgb20191105_9.xml,1
ipgb20191112_1.xml,1
ipgb20191112_2.xml,1
ipgb20191112_3.xml,1
ipgb20191112_4.xml,1
ipgb20191112_5.xml,1
ipgb20191112_6.xml,1
ipgb20191112_7.xml,1
ipgb20191112_8.xml,1
ipgb20191112_9.xml,1
ipgb20191119_1.xml,1
ipgb20191119_2.xml,1
ipgb20191119_3.xml,1
ipgb20191119_4.xml,1
ipgb20191119_5.xml,1
ipgb20191119_6.xml,1
ipgb20191119_7.xml,1
ipgb20191119_8.xml,1
ipgb20191119_9.xml,1
ipgb20191126_1.xml,1
ipgb20191126_2.xml,1
ipgb20191126_3.xml,1
ipgb20191126_4.xml,1
ipgb20191126_5.xml,1
ipgb20191126_6.xml,1
ipgb20191126_7.xml,1
ipgb20191126_8.xml,1
ipgb20191203_1.xml,1
ipgb20191203_2.xml,1
ipgb20191203_3.xml,1
ipgb20191203_4.xml,1
ipgb20191203_5.xml,1
ipgb20191203_6.xml,1
ipgb20191203_7.xml,1
ipgb20191203_8.xml,1
ipgb20191210_1.xml,1
ipgb20191210_2.xml,1
ipgb20191210_3.xml,1
ipgb20191210_4.xml,1
ipgb20191210_5.xml,1
ipgb20191210_6.xml,1
ipgb20191210_7.xml,1
ipgb20191210_8.xml,1
ipgb20191217_1.xml,1
ipgb20191217_2.xml,1
ipgb20191217_3.xml,1
ipgb20191217_4.xml,1
ipgb20191217_5.xml,1
ipgb20191217_6.xml,1
ipgb20191217_7.xml,1
ipgb20191224_1.xml,1
ipgb20191224_2.xml,1
ipgb20191224_3.xml,1
ipgb20191224_4.xml,1
ipgb20191224_5.xml,1
ipgb20191224_6.xml,1
ipgb20191231_1.xml,1
ipgb20191231_2.xml,1
ipgb20191231_3.xml,1
ipgb20191231_4.xml,1
ipgb20191231_5.xml,1
ipgb20191231_6.xml,1
ipgb20191231_7.xml,1
ipgb20191231_8.xml,1
ipgb20200107_1.xml,1
ipgb20200107_2.xml,1
ipgb20200107_3.xml,1
ipgb20200107_4.xml,1
ipgb20200107_5.xml,1
ipgb20200107_6.xml,1
ipgb20200107_7.xml,1
ipgb20200107_8.xml,1
ipgb20200114_1.xml,1
ipgb20200114_2.xml,1
ipgb20200114_3.xml,1
ipgb20200114_4.xml,1
ipgb20200114_5.xml,1
ipgb20200114_6.xml,1
ipgb20200121_1.xml,1
ipgb20200121_2.xml,1
ipgb20200121_3.xml,1
ipgb20200121_4.xml,1
ipgb20200121_5.xml,1
ipgb20200121_6.xml,1
ipgb20200121_7.xml,1
ipgb20200128_1.xml,1
ipgb20200128_2.xml,1
ipgb20200128_3.xml,1
ipgb20200128_4.xml,1
ipgb20200128_5.xml,1
ipgb20200128_6.xml,1
ipgb20200128_7.xml,1
ipgb20200204_1.xml,1
ipgb20200204_2.xml,1
ipgb20200204_3.xml,1
ipgb20200204_4.xml,1
ipgb20200204_5.xml,1
ipgb20200204_6.xml,1
ipgb20200204_7.xml,1
ipgb20200204_8.xml,1
ipgb20200211_1.xml,1
ipgb20200211_2.xml,1
ipgb20200211_3.xml,1
ipgb20200211_4.xml,1
ipgb20200211_5.xml,1
ipgb20200211_6.xml,1
ipgb20200211_7.xml,1
ipgb20200218_1.xml,1
ipgb20200218_2.xml,1
ipgb20200218_3.xml,1
ipgb20200218_4.xml,1
ipgb20200218_5.xml,1
ipgb20200218_6.xml,1
ipgb20200218_7.xml,1
ipgb20200218_8.xml,1
ipgb20200225_1.xml,1
ipgb20200225_2.xml,1
ipgb20200225_3.xml,1
ipgb20200225_4.xml,1
ipgb20200225_5.xml,1
ipgb20200225_6.xml,1
ipgb20200225_7.xml,1
ipgb20200225_8.xml,1
ipgb20200303_1.xml,1
ipgb20200303_2.xml,1
ipgb20200303_3.xml,1
ipgb20200303_4.xml,1
ipgb20200303_5.xml,1
ipgb20200303_6.xml,1
ipgb20200303_7.xml,1
ipgb20200303_8.xml,1
ipgb20200310_1.xml,1
ipgb20200310_2.xml,1
ipgb20200310_3.xml,1
ipgb20200310_4.xml,1
ipgb20200310_5.xml,1
ipgb20200310_6.xml,1
ipgb20200310_7.xml,1
ipgb20200317_1.xml,1
ipgb20200317_2.xml,1
ipgb20200317_3.xml,1
ipgb20200317_4.xml,1
ipgb20200317_5.xml,1
ipgb20200317_6.xml,1
ipgb20200317_7.xml,1
ipgb20200317_8.xml,1
ipgb20200324_1.xml,1
ipgb20200324_2.xml,1
ipgb20200324_3.xml,1
ipgb20200324_4.xml,1
ipgb20200324_5.xml,1
ipgb20200324_6.xml,1
ipgb20200324_7.xml,1
ipgb20200324_8.xml,1
ipgb20200331_1.xml,1
ipgb20200331_2.xml,1
ipgb20200331_3.xml,1
ipgb20200331_4.xml,1
ipgb20200331_5.xml,1
ipgb20200331_6.xml,1
ipgb20200331_7.xml,1
ipgb20200331_8.xml,1
ipgb20200407_1.xml,1
ipgb20200407_2.xml,1
ipgb20200407_3.xml,1
ipgb20200407_4.xml,1
ipgb20200407_5.xml,1
ipgb20200407_6.xml,1
ipgb20200407_7.xml,1
ipgb20200407_8.xml,1
ipgb20200414_1.xml,1
ipgb20200414_2.xml,1
ipgb20200414_3.xml,1
ipgb20200414_4.xml,1
ipgb20200414_5.xml,1
ipgb20200414_6.xml,1
ipgb20200414_7.xml,1
ipgb20200414_8.xml,1
ipgb20200421_1.xml,1
ipgb20200421_2.xml,1
ipgb20200421_3.xml,1
ipgb20200421_4.xml,1
ipgb20200421_5.xml,1
ipgb20200421_6.xml,1
ipgb20200421_7.xml,1
ipgb20200421_8.xml,1
ipgb20200428_1.xml,1
ipgb20200428_2.xml,1
ipgb20200428_3.xml,1
ipgb20200428_4.xml,1
ipgb20200428_5.xml,1
ipgb20200428_6.xml,1
ipgb20200428_7.xml,1
ipgb20200428_8.xml,1
ipgb20200505_1.xml,1
ipgb20200505_2.xml,1
ipgb20200505_3.xml,1
ipgb20200505_4.xml,1
ipgb20200505_5.xml,1
ipgb20200505_6.xml,1
ipgb20200505_7.xml,1
ipgb20200505_8.xml,1
ipgb20200512_1.xml,1
ipgb20200512_2.xml,1
ipgb20200512_3.xml,1
ipgb20200512_4.xml,1
ipgb20200512_5.xml,1
ipgb20200512_6.xml,1
ipgb20200512_7.xml,1
ipgb20200512_8.xml,1
ipgb20200519_1.xml,1
ipgb20200519_2.xml,1
ipgb20200519_3.xml,1
ipgb20200519_4.xml,1
ipgb20200519_5.xml,1
ipgb20200519_6.xml,1
ipgb20200519_7.xml,1
ipgb20200519_8.xml,1
ipgb20200526_1.xml,1
ipgb20200526_2.xml,1
ipgb20200526_3.xml,1
ipgb20200526_4.xml,1
ipgb20200526_5.xml,1
ipgb20200526_6.xml,1
ipgb20200526_7.xml,1
ipgb20200526_8.xml,1
ipgb20200602_1.xml,1
ipgb20200602_2.xml,1
ipgb20200602_3.xml,1
ipgb20200602_4.xml,1
ipgb20200602_5.xml,1
ipgb20200602_6.xml,1
ipgb20200602_7.xml,1
ipgb20200602_8.xml,1
ipgb20200609_1.xml,1
ipgb20200609_2.xml,1
ipgb20200609_3.xml,1
ipgb20200609_4.xml,1
ipgb20200609_5.xml,1
ipgb20200609_6.xml,1
ipgb20200609_7.xml,1
ipgb20200609_8.xml,1
